iso_code,countryname,months,total_cases,total_deaths,fatality_rate
AFG,Afghanistan,2021-05,71838,2944,0.04098109635568918957
AFG,Afghanistan,2021-06,118659,4871,0.04105040494189231327
AFG,Afghanistan,2021-07,147154,6708,0.04558489745436753333
AFG,Afghanistan,2021-08,153220,7118,0.04645607623025714659
AFG,Afghanistan,2021-09,155072,7200,0.04643004539826661164
AGO,Angola,2021-05,34551,766,0.02217012532198778617
AGO,Angola,2021-06,38849,900,0.02316661947540477232
AGO,Angola,2021-07,42777,1011,0.02363419594641980504
AGO,Angola,2021-08,47544,1217,0.02559734141006225812
AGO,Angola,2021-09,55583,1513,0.02722055304679488333
ALB,Albania,2021-02,107167,1796,0.01675889033004562972
ALB,Albania,2021-03,125157,2235,0.01785757089096095304
ALB,Albania,2021-04,131085,2394,0.01826295914864400961
ALB,Albania,2021-05,132315,2451,0.01852397687337036617
ALB,Albania,2021-06,132521,2456,0.01853291176492782276
ALB,Albania,2021-07,133081,2457,0.01846244016801797402
ALB,Albania,2021-08,146387,2498,0.01706435680764002268
ALB,Albania,2021-09,168188,2653,0.01577401479296977192
ARE,United Arab Emirates,2021-01,303609,850,0.00279965350170778864
ARE,United Arab Emirates,2021-02,391524,1221,0.00311858276887240629
ARE,United Arab Emirates,2021-03,461444,1497,0.00324416397222631565
ARE,United Arab Emirates,2021-04,520236,1587,0.00305053860171153092
ARE,United Arab Emirates,2021-05,570836,1680,0.00294305194486682690
ARE,United Arab Emirates,2021-06,632907,1811,0.00286139985811501532
ARE,United Arab Emirates,2021-07,680858,1949,0.00286256458762326359
ARE,United Arab Emirates,2021-08,718370,2041,0.00284115427982794382
ARE,United Arab Emirates,2021-09,735180,2094,0.00284828205337468375
ARG,Argentina,2021-01,1927239,47974,0.02489260543191581324
ARG,Argentina,2021-02,2107365,51965,0.02465875631416484567
ARG,Argentina,2021-03,2348821,55858,0.02378129282733763024
ARG,Argentina,2021-04,2977363,63865,0.02145018931181720200
ARG,Argentina,2021-05,3781784,78093,0.02064977798837797188
ARG,Argentina,2021-06,4470374,94304,0.02109532669973474255
ARG,Argentina,2021-07,4929764,105721,0.02144544850422859999
ARG,Argentina,2021-08,5185620,111812,0.02156193473490151612
ARG,Argentina,2021-09,5251940,114954,0.02188791189541388515
ARM,Armenia,2021-06,225095,4514,0.02005375508118794287
ARM,Armenia,2021-07,230110,4614,0.02005127982269349442
ARM,Armenia,2021-08,242135,4844,0.02000536890577570364
ARM,Armenia,2021-09,259007,5264,0.02032377503310721332
ATG,Antigua and Barbuda,2021-05,1260,42,0.03333333333333333333
ATG,Antigua and Barbuda,2021-06,1263,42,0.03325415676959619952
ATG,Antigua and Barbuda,2021-07,1303,43,0.03300076745970836531
ATG,Antigua and Barbuda,2021-08,1715,44,0.02565597667638483965
ATG,Antigua and Barbuda,2021-09,2923,64,0.02189531303455354088
AUS,Australia,2021-05,30118,910,0.03021448967394913341
AUS,Australia,2021-06,30643,910,0.02969683125020396175
AUS,Australia,2021-07,34383,924,0.02687374574644446383
AUS,Australia,2021-08,55093,1012,0.01836893979271413791
AUS,Australia,2021-09,100911,1256,0.01244661137041551466
AUT,Austria,2021-01,414398,7721,0.01863184667879671234
AUT,Austria,2021-02,459440,8561,0.01863355389169423646
AUT,Austria,2021-03,546229,9339,0.01709722479033518909
AUT,Austria,2021-04,618870,10205,0.01648973128443776561
AUT,Austria,2021-05,644815,10603,0.01644347603576219536
AUT,Austria,2021-06,650412,10702,0.01645418596212862001
AUT,Austria,2021-07,659056,10737,0.01629148357650943167
AUT,Austria,2021-08,688305,10782,0.01566456730664458343
AUT,Austria,2021-09,737202,10976,0.01488872791989169861
AZE,Azerbaijan,2021-04,319109,4517,0.01415503793374677618
AZE,Azerbaijan,2021-05,333956,4913,0.01471151888272706584
AZE,Azerbaijan,2021-06,336047,4974,0.01480150098051760617
AZE,Azerbaijan,2021-07,343849,5023,0.01460815648729529532
AZE,Azerbaijan,2021-08,424891,5636,0.01326457844482467268
AZE,Azerbaijan,2021-09,481401,6476,0.01345240246696620904
BEL,Belgium,2020-12,646496,19528,0.03020591001336435183
BEL,Belgium,2021-01,710153,21092,0.02970064197433510807
BEL,Belgium,2021-02,771511,22077,0.02861527573812946283
BEL,Belgium,2021-03,882453,23016,0.02608184231908101621
BEL,Belgium,2021-04,990229,24230,0.02446908745350822890
BEL,Belgium,2021-05,1062001,24955,0.02349809463456249100
BEL,Belgium,2021-06,1085131,25173,0.02319812077988740530
BEL,Belgium,2021-07,1124715,25241,0.02244212978398972184
BEL,Belgium,2021-08,1184664,25380,0.02142379611434128158
BEL,Belgium,2021-09,1238358,25568,0.02064669505910245664
BEN,Benin,2021-05,8058,101,0.01253412757508066518
BEN,Benin,2021-06,8199,104,0.01268447371630686669
BEN,Benin,2021-07,8394,108,0.01286633309506790565
BEN,Benin,2021-08,13366,128,0.00957653748316624271
BEN,Benin,2021-09,22958,154,0.00670790138513807823
BFA,Burkina Faso,2021-08,13777,171,0.01241199099949190680
BFA,Burkina Faso,2021-09,14183,181,0.01276175703306775717
BGD,Bangladesh,2021-04,759132,11450,0.01508301586548847895
BGD,Bangladesh,2021-05,800540,12619,0.01576310990081694856
BGD,Bangladesh,2021-06,913258,14503,0.01588050693232361501
BGD,Bangladesh,2021-07,1249484,20685,0.01655483383540725612
BGD,Bangladesh,2021-08,1500618,26195,0.01745614140307526632
BGD,Bangladesh,2021-09,1552563,27439,0.01767335689437401252
BGR,Bulgaria,2021-01,218748,9045,0.04134894947610949586
BGR,Bulgaria,2021-02,247038,10191,0.04125276273285891239
BGR,Bulgaria,2021-03,342633,13197,0.03851643011618845820
BGR,Bulgaria,2021-04,404380,16399,0.04055343983381967456
BGR,Bulgaria,2021-05,418577,17700,0.04228612656691600351
BGR,Bulgaria,2021-06,421829,18061,0.04281592778116250898
BGR,Bulgaria,2021-07,425054,18213,0.04284867334503380747
BGR,Bulgaria,2021-08,455742,18896,0.04146205528566601279
BGR,Bulgaria,2021-09,495397,20638,0.04165951751827322329
BHR,Bahrain,2021-03,144445,521,0.00360690920419536848
BHR,Bahrain,2021-04,176934,646,0.00365107893338759085
BHR,Bahrain,2021-05,240531,980,0.00407431890276097468
BHR,Bahrain,2021-06,265827,1352,0.00508601458843533576
BHR,Bahrain,2021-07,269186,1384,0.00514142637432853120
BHR,Bahrain,2021-08,272540,1388,0.00509283041021501431
BHR,Bahrain,2021-09,274877,1389,0.00505316923569451064
BHS,Bahamas,2021-05,11796,230,0.01949813496100373008
BHS,Bahamas,2021-06,12586,246,0.01954552677578261560
BHS,Bahamas,2021-07,14840,287,0.01933962264150943396
BHS,Bahamas,2021-08,18139,354,0.01951596008600253597
BHS,Bahamas,2021-09,20775,523,0.02517448856799037304
BIH,Bosnia and Herzegovina,2021-04,198461,8551,0.04308655101002212022
BIH,Bosnia and Herzegovina,2021-05,204012,9253,0.04535517518577338588
BIH,Bosnia and Herzegovina,2021-06,205022,9665,0.04714128239896206261
BIH,Bosnia and Herzegovina,2021-07,205655,9687,0.04710315820184289222
BIH,Bosnia and Herzegovina,2021-08,213853,9803,0.04583989937012807863
BIH,Bosnia and Herzegovina,2021-09,232237,10508,0.04524688141855087691
BLR,Belarus,2021-03,321807,2247,0.00698244600024238130
BLR,Belarus,2021-04,358738,2542,0.00708595130708204874
BLR,Belarus,2021-05,394439,2851,0.00722798709052603825
BLR,Belarus,2021-06,417189,3143,0.00753375568387469468
BLR,Belarus,2021-07,446040,3454,0.00774370011658147251
BLR,Belarus,2021-08,481532,3780,0.00784994559032421521
BLR,Belarus,2021-09,532149,4102,0.00770836739334284195
BLZ,Belize,2021-05,12809,324,0.02529471465375907565
BLZ,Belize,2021-06,13251,329,0.02482831484416270470
BLZ,Belize,2021-07,14163,337,0.02379439384311233496
BLZ,Belize,2021-08,16353,362,0.02213661101938482236
BLZ,Belize,2021-09,19945,405,0.02030584106292303836
BOL,Bolivia,2021-03,272411,12257,0.04499451196904677124
BOL,Bolivia,2021-04,303732,12951,0.04263956382600450397
BOL,Bolivia,2021-05,371279,14524,0.03911882977491320543
BOL,Bolivia,2021-06,439624,16767,0.03813941004130802686
BOL,Bolivia,2021-07,473506,17821,0.03763627071251473054
BOL,Bolivia,2021-08,490879,18452,0.03758971151750227653
BOL,Bolivia,2021-09,499202,18707,0.03747380819788382258
BRA,Brazil,2021-02,10551259,254942,0.02416223504702140285
BRA,Brazil,2021-03,12748747,321515,0.02521934116348845891
BRA,Brazil,2021-04,14659011,403781,0.02754490053933379271
BRA,Brazil,2021-05,16545554,462791,0.02797071648371520228
BRA,Brazil,2021-06,18557141,518066,0.02791733920650815770
BRA,Brazil,2021-07,19917855,556370,0.02793322875379904111
BRA,Brazil,2021-08,20776870,580413,0.02793553600710790413
BRA,Brazil,2021-09,21366395,594653,0.02783122749532618862
BRB,Barbados,2021-05,4017,47,0.01170027383619616629
BRB,Barbados,2021-06,4081,47,0.01151678510169076207
BRB,Barbados,2021-07,4390,48,0.01093394077448747153
BRB,Barbados,2021-08,5032,50,0.00993640699523052464
BRB,Barbados,2021-09,7764,68,0.00875837197320968573
BRN,Brunei,2021-04,224,3,0.01339285714285714286
BRN,Brunei,2021-05,242,3,0.01239669421487603306
BRN,Brunei,2021-06,260,3,0.01153846153846153846
BRN,Brunei,2021-07,337,3,0.00890207715133531157
BRN,Brunei,2021-08,2712,9,0.00331858407079646018
BRN,Brunei,2021-09,6700,38,0.00567164179104477612
BTN,Bhutan,2021-07,2515,2,0.00079522862823061630
BTN,Bhutan,2021-08,2596,3,0.00115562403697996918
BTN,Bhutan,2021-09,2599,3,0.00115429011158137745
BWA,Botswana,2021-06,69680,1125,0.01614523536165327210
BWA,Botswana,2021-07,106690,1569,0.01470615802793139001
BWA,Botswana,2021-08,156927,2261,0.01440797313400498321
BWA,Botswana,2021-09,178050,2367,0.01329401853411962932
CAF,Central African Republic,2021-09,11371,100,0.00879430129276229004
CAN,Canada,2021-01,783735,20041,0.02557114330736792411
CAN,Canada,2021-02,871243,21995,0.02524553999286077478
CAN,Canada,2021-03,989493,22960,0.02320380235130516335
CAN,Canada,2021-04,1229305,24220,0.01970218944850952367
CAN,Canada,2021-05,1389814,25548,0.01838231590702065168
CAN,Canada,2021-06,1423170,26296,0.01847706177055446644
CAN,Canada,2021-07,1438457,26599,0.01849134176412642158
CAN,Canada,2021-08,1507092,26989,0.01790799765375969085
CAN,Canada,2021-09,1620537,27751,0.01712457043560251941
CHE,Switzerland,2020-12,452296,7873,0.01740674248722075809
CHE,Switzerland,2021-01,521320,9523,0.01826709122995473030
CHE,Switzerland,2021-02,554932,10016,0.01804905826299438490
CHE,Switzerland,2021-03,601124,10297,0.01712957725860221851
CHE,Switzerland,2021-04,659974,10555,0.01599305427183495107
CHE,Switzerland,2021-05,694740,10712,0.01541871779370699830
CHE,Switzerland,2021-06,703004,10775,0.01532708206496691342
CHE,Switzerland,2021-07,717665,10793,0.01503905025325186542
CHE,Switzerland,2021-08,779666,10899,0.01397906282946800297
CHE,Switzerland,2021-09,836483,11060,0.01322202603041544180
CHL,Chile,2021-01,727109,18452,0.02537721304508677516
CHL,Chile,2021-02,824625,20572,0.02494709716537820221
CHL,Chile,2021-03,995538,23135,0.02323869103941788259
CHL,Chile,2021-04,1198245,26353,0.02199299809304441078
CHL,Chile,2021-05,1384346,29300,0.02116522892398287711
CHL,Chile,2021-06,1555902,32545,0.02091712717124857478
CHL,Chile,2021-07,1615771,35448,0.02193875245935222256
CHL,Chile,2021-08,1638675,36937,0.02254077227027934154
CHL,Chile,2021-09,1652364,37445,0.02266147168541556219
CHN,China,2021-08,94961,4636,0.04882004191194279757
CHN,China,2021-09,96148,4636,0.04821733161376211674
CIV,Cote d'Ivoire,2021-09,59977,607,0.01012054620938026243
CMR,Cameroon,2021-05,78929,1275,0.01615375844113063639
CMR,Cameroon,2021-06,80858,1324,0.01637438472383684979
CMR,Cameroon,2021-07,82064,1334,0.01625560538116591928
CMR,Cameroon,2021-08,83425,1350,0.01618219958046149236
CMR,Cameroon,2021-09,85414,1368,0.01601610977123188236
COD,Democratic Republic of Congo,2021-07,49917,1038,0.02079451890137628463
COD,Democratic Republic of Congo,2021-08,54863,1059,0.01930262654247853745
COD,Democratic Republic of Congo,2021-09,56862,1084,0.01906369807604375506
COG,Congo,2021-07,13186,178,0.01349916578188988321
COG,Congo,2021-08,13588,183,0.01346776567559611422
COG,Congo,2021-09,14244,193,0.01354956472900870542
COL,Colombia,2021-03,2406377,63422,0.02635580376640900408
COL,Colombia,2021-04,2859724,73720,0.02577871151202004109
COL,Colombia,2021-05,3406456,88774,0.02606051567963889743
COL,Colombia,2021-06,4240982,106544,0.02512248342482943809
COL,Colombia,2021-07,4785320,120723,0.02522777996037882524
COL,Colombia,2021-08,4909086,124945,0.02545178471104397030
COL,Colombia,2021-09,4952690,126178,0.02547666015841896020
COM,Comoros,2021-05,3881,146,0.03761917031692862664
COM,Comoros,2021-06,3936,146,0.03709349593495934959
COM,Comoros,2021-07,4028,147,0.03649453823237338630
COM,Comoros,2021-08,4068,147,0.03613569321533923304
COM,Comoros,2021-09,4128,147,0.03561046511627906977
CPV,Cape Verde,2021-05,30439,264,0.00867308387266335951
CPV,Cape Verde,2021-06,32457,286,0.00881165850201805466
CPV,Cape Verde,2021-07,33791,298,0.00881891627948270249
CPV,Cape Verde,2021-08,35354,313,0.00885331221361090683
CPV,Cape Verde,2021-09,37472,336,0.00896669513236549957
CRI,Costa Rica,2021-01,193276,2604,0.01347296094703946688
CRI,Costa Rica,2021-02,204341,2800,0.01370258538423517552
CRI,Costa Rica,2021-03,216764,2957,0.01364156409735934011
CRI,Costa Rica,2021-04,250991,3231,0.01287297154081222036
CRI,Costa Rica,2021-05,318986,4041,0.01266826757287153668
CRI,Costa Rica,2021-06,367938,4667,0.01268420222972348602
CRI,Costa Rica,2021-07,406814,5030,0.01236437290752039015
CRI,Costa Rica,2021-08,463726,5506,0.01187339075229769303
CRI,Costa Rica,2021-09,525999,6277,0.01193348276327521535
CYP,Cyprus,2021-01,30876,199,0.00644513538023059982
CYP,Cyprus,2021-02,34707,231,0.00665571786671276688
CYP,Cyprus,2021-03,45864,256,0.00558171986743415315
CYP,Cyprus,2021-04,65233,308,0.00472153664556282863
CYP,Cyprus,2021-05,72457,360,0.00496846405454269429
CYP,Cyprus,2021-06,75860,374,0.00493013445821249670
CYP,Cyprus,2021-07,101419,419,0.00413137577771423501
CYP,Cyprus,2021-08,113875,503,0.00441712403951701427
CYP,Cyprus,2021-09,118181,553,0.00467926316412959782
CZE,Czechia,2021-01,984774,16308,0.01656014476417939548
CZE,Czechia,2021-02,1235480,20339,0.01646242755851976560
CZE,Czechia,2021-03,1532332,26421,0.01724234695875306396
CZE,Czechia,2021-04,1630758,29267,0.01794686887938001837
CZE,Czechia,2021-05,1661272,30108,0.01812346202187239657
CZE,Czechia,2021-06,1667287,30303,0.01817503525187925054
CZE,Czechia,2021-07,1673576,30373,0.01814856331591753228
CZE,Czechia,2021-08,1679189,30404,0.01810635967720131564
CZE,Czechia,2021-09,1689620,30454,0.01802417111539872871
DEU,Germany,2020-12,1760520,33791,0.01919376093426942040
DEU,Germany,2021-01,2225659,57163,0.02568362898359542050
DEU,Germany,2021-02,2450295,70152,0.02863002209937987059
DEU,Germany,2021-03,2843644,76589,0.02693339953946415233
DEU,Germany,2021-04,3405365,83097,0.02440178952916941356
DEU,Germany,2021-05,3689921,88601,0.02401162518113531428
DEU,Germany,2021-06,3736205,90945,0.02434154442810284768
DEU,Germany,2021-07,3776724,91709,0.02428268520548496528
DEU,Germany,2021-08,3965681,92229,0.02325678742188289981
DEU,Germany,2021-09,4209098,93509,0.02221592369671601849
DJI,Djibouti,2021-04,11100,143,0.01288288288288288288
DJI,Djibouti,2021-05,11533,154,0.01335298708055146102
DJI,Djibouti,2021-06,11602,155,0.01335976555766247199
DJI,Djibouti,2021-07,11651,156,0.01338940863445197837
DJI,Djibouti,2021-08,11750,157,0.01336170212765957447
DJI,Djibouti,2021-09,12253,162,0.01322125193830082429
DMA,Dominica,2021-04,174,,
DMA,Dominica,2021-05,188,,
DMA,Dominica,2021-06,193,,
DMA,Dominica,2021-07,210,,
DMA,Dominica,2021-08,1638,4,0.00244200244200244200
DMA,Dominica,2021-09,3293,15,0.00455511691466747647
DNK,Denmark,2021-01,199156,2126,0.01067504870553736769
DNK,Denmark,2021-02,211883,2362,0.01114766168121085694
DNK,Denmark,2021-03,231295,2420,0.01046282885492552801
DNK,Denmark,2021-04,251249,2484,0.00988660651385677157
DNK,Denmark,2021-05,281985,2517,0.00892600670248417469
DNK,Denmark,2021-06,294503,2535,0.00860772216242279366
DNK,Denmark,2021-07,317909,2551,0.00802430884309660941
DNK,Denmark,2021-08,347028,2586,0.00745184826584598361
DNK,Denmark,2021-09,359062,2648,0.00737477093092557831
DOM,Dominican Republic,2021-03,252727,3325,0.01315648901779390409
DOM,Dominican Republic,2021-04,266561,3480,0.01305517311234576701
DOM,Dominican Republic,2021-05,292786,3628,0.01239130286284180255
DOM,Dominican Republic,2021-06,325221,3822,0.01175200863412879242
DOM,Dominican Republic,2021-07,341905,3963,0.01159093900352437080
DOM,Dominican Republic,2021-08,350173,4008,0.01144577109028965683
DOM,Dominican Republic,2021-09,357517,4041,0.01130295902013051128
DZA,Algeria,2021-08,196080,5269,0.02687168502651978784
DZA,Algeria,2021-09,202877,5786,0.02851974348989781986
ECU,Ecuador,2021-02,286155,15811,0.05525327182820499380
ECU,Ecuador,2021-03,328755,16847,0.05124484798710285775
ECU,Ecuador,2021-04,381862,18631,0.04878987697126186947
ECU,Ecuador,2021-05,426037,20572,0.04828688588080377995
ECU,Ecuador,2021-06,458504,21560,0.04702249053443372359
ECU,Ecuador,2021-07,487372,31631,0.06490114327454182842
ECU,Ecuador,2021-08,501201,32244,0.06433347100265163078
ECU,Ecuador,2021-09,508655,32747,0.06437958930906016848
EGY,Egypt,2021-05,262650,15096,0.05747572815533980583
EGY,Egypt,2021-06,281282,16169,0.05748323746275979266
EGY,Egypt,2021-07,284262,16524,0.05812947210671844988
EGY,Egypt,2021-08,288441,16736,0.05802226451856705531
EGY,Egypt,2021-09,302327,17224,0.05697142498023663120
ESP,Spain,2021-01,2743119,58319,0.02126010574094671066
ESP,Spain,2021-02,3188553,69142,0.02168444432317731585
ESP,Spain,2021-03,3284353,75459,0.02297530137594832224
ESP,Spain,2021-04,3524077,78216,0.02219474773110803198
ESP,Spain,2021-05,3678390,79953,0.02173586813796253252
ESP,Spain,2021-06,3808960,80875,0.02123282995883390742
ESP,Spain,2021-07,4447044,81486,0.01832363250734645306
ESP,Spain,2021-08,4855065,84340,0.01737154909357547221
ESP,Spain,2021-09,4951640,86298,0.01742816521394931780
EST,Estonia,2021-01,44208,419,0.00947792254795512125
EST,Estonia,2021-02,65600,589,0.00897865853658536585
EST,Estonia,2021-03,106424,902,0.00847553183492445313
EST,Estonia,2021-04,122019,1161,0.00951491161212598038
EST,Estonia,2021-05,129544,1252,0.00966466991910084604
EST,Estonia,2021-06,131064,1269,0.00968229262039919429
EST,Estonia,2021-07,133557,1272,0.00952402345066151531
EST,Estonia,2021-08,141956,1292,0.00910141170503536307
EST,Estonia,2021-09,153926,1346,0.00874446162441692761
ETH,Ethiopia,2021-09,342305,5439,0.01588933845547099809
FIN,Finland,2021-01,45238,671,0.01483266280560590654
FIN,Finland,2021-02,57672,742,0.01286586211679844639
FIN,Finland,2021-03,77452,844,0.01089707173475184630
FIN,Finland,2021-04,86808,914,0.01052898350382453230
FIN,Finland,2021-05,92488,956,0.01033647608338379033
FIN,Finland,2021-06,95742,969,0.01012095005326815818
FIN,Finland,2021-07,106802,984,0.00921331061216082096
FIN,Finland,2021-08,127182,1029,0.00809076756144737463
FIN,Finland,2021-09,139678,1069,0.00765331691461790690
FJI,Fiji,2021-05,438,4,0.00913242009132420091
FJI,Fiji,2021-06,4418,21,0.00475328202806699864
FJI,Fiji,2021-07,29781,238,0.00799167254289647762
FJI,Fiji,2021-08,46716,496,0.01061734737563147530
FJI,Fiji,2021-09,50807,592,0.01165193772511661779
FRA,France,2021-01,3255994,76200,0.02340299152885416865
FRA,France,2021-02,3815688,86579,0.02269027237027765373
FRA,France,2021-03,4705186,95798,0.02036008778398983590
FRA,France,2021-04,5677829,104676,0.01843591978553774691
FRA,France,2021-05,5978761,109693,0.01834711238666339063
FRA,France,2021-06,5837403,111259,0.01905967431064807415
FRA,France,2021-07,6190621,112061,0.01810173809703420707
FRA,France,2021-08,6835022,114926,0.01681428384575792148
FRA,France,2021-09,7087110,117281,0.01654849437923215528
GAB,Gabon,2021-04,23075,139,0.00602383531960996750
GAB,Gabon,2021-05,24429,152,0.00622211306234393549
GAB,Gabon,2021-06,24984,159,0.00636407300672430355
GAB,Gabon,2021-07,25384,164,0.00646076268515600378
GAB,Gabon,2021-08,25888,166,0.00641223733003708282
GAB,Gabon,2021-09,29515,183,0.00620023716754192783
GBR,United Kingdom,2021-01,3828187,106367,0.02778521529904364651
GBR,United Kingdom,2021-02,4188827,123083,0.02938364367876734943
GBR,United Kingdom,2021-03,4359982,126955,0.02911823947897032602
GBR,United Kingdom,2021-04,4432246,127775,0.02882849914016505402
GBR,United Kingdom,2021-05,4503231,128045,0.02843402881175760249
GBR,United Kingdom,2021-06,4817298,128404,0.02665477618366146333
GBR,United Kingdom,2021-07,5883421,129949,0.02208731960537925129
GBR,United Kingdom,2021-08,6821356,132859,0.01947691925183204043
GBR,United Kingdom,2021-09,7737941,136569,0.01764926871373146939
GEO,Georgia,2021-04,310310,4110,0.01324481969643259966
GEO,Georgia,2021-05,343963,4773,0.01387649252971976637
GEO,Georgia,2021-06,366078,5316,0.01452149541900906364
GEO,Georgia,2021-07,419534,5820,0.01387253476476280826
GEO,Georgia,2021-08,549811,7408,0.01347372096956954299
GEO,Georgia,2021-09,607155,8844,0.01456629690935593053
GHA,Ghana,2021-05,93898,785,0.00836013546614411383
GHA,Ghana,2021-06,95914,796,0.00829910127822841295
GHA,Ghana,2021-07,103019,823,0.00798881759675399684
GHA,Ghana,2021-08,119436,1036,0.00867410161090458488
GHA,Ghana,2021-09,127016,1150,0.00905397745165963343
GIN,Guinea,2021-03,19908,125,0.00627888286116134217
GIN,Guinea,2021-04,22215,144,0.00648210668467251857
GIN,Guinea,2021-05,23177,161,0.00694654183026276050
GIN,Guinea,2021-06,23770,171,0.00719394194362641986
GIN,Guinea,2021-07,25688,220,0.00856431018374338212
GIN,Guinea,2021-08,29501,337,0.01142334158164130029
GIN,Guinea,2021-09,30364,378,0.01244895270715320775
GMB,Gambia,2021-06,6079,181,0.02977463398585293634
GMB,Gambia,2021-07,7709,212,0.02750032429627707874
GMB,Gambia,2021-08,9698,319,0.03289338007836667354
GMB,Gambia,2021-09,9930,335,0.03373615307150050352
GNB,Guinea-Bissau,2021-06,3859,69,0.01788027986525006478
GNB,Guinea-Bissau,2021-07,4479,76,0.01696807323063183746
GNB,Guinea-Bissau,2021-08,5799,119,0.02052077944473185032
GNB,Guinea-Bissau,2021-09,6099,135,0.02213477619281849484
GNQ,Equatorial Guinea,2021-03,6914,102,0.01475267573040208273
GNQ,Equatorial Guinea,2021-04,7694,112,0.01455679750454899922
GNQ,Equatorial Guinea,2021-05,8529,118,0.01383515066244577324
GNQ,Equatorial Guinea,2021-06,8734,121,0.01385390428211586902
GNQ,Equatorial Guinea,2021-07,8880,123,0.01385135135135135135
GNQ,Equatorial Guinea,2021-08,9477,126,0.01329534662867996201
GNQ,Equatorial Guinea,2021-09,11806,142,0.01202778248348297476
GRC,Greece,2021-01,156957,5796,0.03692731130182151800
GRC,Greece,2021-02,191100,6504,0.03403453689167974882
GRC,Greece,2021-03,263689,8093,0.03069145849845841123
GRC,Greece,2021-04,345033,10381,0.03008697718768929349
GRC,Greece,2021-05,402306,12095,0.03006418000228681650
GRC,Greece,2021-06,422456,12687,0.03003152991080727934
GRC,Greece,2021-07,493304,12940,0.02623128942802004444
GRC,Greece,2021-08,587964,13622,0.02316808512085773959
GRC,Greece,2021-09,648091,14727,0.02272366072048524050
GRD,Grenada,2021-04,160,1,0.00625000000000000000
GRD,Grenada,2021-05,161,1,0.00621118012422360248
GRD,Grenada,2021-06,161,1,0.00621118012422360248
GRD,Grenada,2021-07,164,1,0.00609756097560975610
GRD,Grenada,2021-08,461,2,0.00433839479392624729
GRD,Grenada,2021-09,5005,130,0.02597402597402597403
GTM,Guatemala,2021-03,193834,6840,0.03528792678271097950
GTM,Guatemala,2021-04,227671,7524,0.03304768723289307817
GTM,Guatemala,2021-05,254417,8165,0.03209298120801675989
GTM,Guatemala,2021-06,293583,9215,0.03138805721039705978
GTM,Guatemala,2021-07,368484,10339,0.02805820605507973209
GTM,Guatemala,2021-08,470277,11926,0.02535952215396457832
GTM,Guatemala,2021-09,550333,13394,0.02433799172501013023
GUY,Guyana,2021-04,13283,296,0.02228412256267409471
GUY,Guyana,2021-05,16952,389,0.02294714487966021708
GUY,Guyana,2021-06,20055,469,0.02338568935427574171
GUY,Guyana,2021-07,22523,541,0.02401989077831549971
GUY,Guyana,2021-08,25548,622,0.02434632847972444027
GUY,Guyana,2021-09,31236,772,0.02471507235241388142
HKG,Hong Kong,2021-03,11467,205,0.01787738728525333566
HKG,Hong Kong,2021-04,11774,209,0.01775097672838457618
HKG,Hong Kong,2021-05,11841,210,0.01773498859893590068
HKG,Hong Kong,2021-06,11923,211,0.01769688836702172272
HKG,Hong Kong,2021-07,11984,212,0.01769025367156208278
HKG,Hong Kong,2021-08,12112,212,0.01750330250990752972
HKG,Hong Kong,2021-09,12196,213,0.01746474253853722532
HND,Honduras,2021-04,212333,5281,0.02487131063000098901
HND,Honduras,2021-05,238227,6353,0.02666784201622821930
HND,Honduras,2021-06,262760,7005,0.02665930887501902877
HND,Honduras,2021-07,297111,7834,0.02636724995035525443
HND,Honduras,2021-08,338757,8850,0.02612492140383814947
HND,Honduras,2021-09,363106,9681,0.02666163599610031231
HRV,Croatia,2021-01,232426,5027,0.02162838925077228881
HRV,Croatia,2021-02,242973,5526,0.02274326777049301774
HRV,Croatia,2021-03,271632,5947,0.02189359132944572068
HRV,Croatia,2021-04,332183,7081,0.02131656346050219307
HRV,Croatia,2021-05,356181,8026,0.02253348718769389720
HRV,Croatia,2021-06,359872,8206,0.02280255201849546505
HRV,Croatia,2021-07,363615,8259,0.02271358442308485624
HRV,Croatia,2021-08,373998,8334,0.02228354162321723646
HRV,Croatia,2021-09,400108,8606,0.02150919251802013456
HTI,Haiti,2021-07,20077,545,0.02714548986402350949
HTI,Haiti,2021-08,20896,586,0.02804364471669218989
HTI,Haiti,2021-09,21540,610,0.02831940575673166202
HUN,Hungary,2021-01,367586,12524,0.03407093850146632353
HUN,Hungary,2021-02,428599,14974,0.03493708571415238953
HUN,Hungary,2021-03,652433,20737,0.03178410656726437810
HUN,Hungary,2021-04,779348,27540,0.03533723060814937615
HUN,Hungary,2021-05,804538,29733,0.03695661360930123872
HUN,Hungary,2021-06,808128,29992,0.03711293260473588342
HUN,Hungary,2021-07,809491,30026,0.03709244451142755139
HUN,Hungary,2021-08,812337,30058,0.03700188468578927219
HUN,Hungary,2021-09,821261,30171,0.03673740747460307990
IDN,Indonesia,2021-01,1078314,29998,0.02781935503016746514
IDN,Indonesia,2021-02,1334634,36166,0.02709806583677622479
IDN,Indonesia,2021-03,1511712,40858,0.02702763489341885227
IDN,Indonesia,2021-04,1668368,45521,0.02728474772951770832
IDN,Indonesia,2021-05,1821703,50578,0.02776413059648032638
IDN,Indonesia,2021-06,2178272,58491,0.02685201848070397085
IDN,Indonesia,2021-07,3409658,94119,0.02760364822512991039
IDN,Indonesia,2021-08,4089801,133023,0.03252554341886072207
IDN,Indonesia,2021-09,4209403,141585,0.03363541100721408713
IND,India,2021-02,11112241,157157,0.01414269182966784108
IND,India,2021-03,12221665,162927,0.01333099868143988565
IND,India,2021-04,19164969,211853,0.01105417911189942441
IND,India,2021-05,28175044,331895,0.01177975090296221010
IND,India,2021-06,30411634,399459,0.01313507192675013779
IND,India,2021-07,31655824,424351,0.01340514781734950257
IND,India,2021-08,32810845,439020,0.01338033202131795143
IND,India,2021-09,33697581,447373,0.01327611616988174908
IRL,Ireland,2021-01,196547,3307,0.01682549212147730568
IRL,Ireland,2021-02,219592,4319,0.01966829392691901344
IRL,Ireland,2021-03,235854,4687,0.01987246347316560245
IRL,Ireland,2021-04,248870,4903,0.01970104874030618395
IRL,Ireland,2021-05,262043,4941,0.01885568399079540381
IRL,Ireland,2021-06,271931,4998,0.01837966248791053613
IRL,Ireland,2021-07,300976,5035,0.01672890861729838924
IRL,Ireland,2021-08,352447,5092,0.01444756232852031653
IRL,Ireland,2021-09,385721,5209,0.01350457973509350022
IRN,Iran,2021-04,2499077,71758,0.02871380113537918199
IRN,Iran,2021-05,2913136,80156,0.02751536488512723059
IRN,Iran,2021-06,3204557,84264,0.02629505419937919656
IRN,Iran,2021-07,3871008,90630,0.02341250650993229670
IRN,Iran,2021-08,4992063,107794,0.02159307685019199477
IRN,Iran,2021-09,5547990,119649,0.02156618883595680598
IRQ,Iraq,2021-06,1345904,17186,0.01276911280447936851
IRQ,Iraq,2021-07,1626599,18657,0.01146994434399627689
IRQ,Iraq,2021-08,1888150,20830,0.01103196250297910653
IRQ,Iraq,2021-09,1996214,22142,0.01109199715060609734
ISL,Iceland,2021-01,6002,29,0.00483172275908030656
ISL,Iceland,2021-02,6049,29,0.00479418085633989089
ISL,Iceland,2021-03,6205,29,0.00467365028203062047
ISL,Iceland,2021-04,6472,29,0.00448084054388133498
ISL,Iceland,2021-05,6576,30,0.00456204379562043796
ISL,Iceland,2021-06,6649,30,0.00451195668521582193
ISL,Iceland,2021-07,7959,30,0.00376931775348661892
ISL,Iceland,2021-08,10789,33,0.00305867086847715266
ISL,Iceland,2021-09,11722,33,0.00281521924586248081
ISR,Israel,2021-01,643435,4796,0.00745374435646180267
ISR,Israel,2021-02,775807,5752,0.00741421513340302421
ISR,Israel,2021-03,833105,6209,0.00745284207872957190
ISR,Israel,2021-04,838481,6363,0.00758872294065101058
ISR,Israel,2021-05,839475,6412,0.00763810715030227225
ISR,Israel,2021-06,841777,6430,0.00763860262278489434
ISR,Israel,2021-07,874018,6473,0.00740602596285202364
ISR,Israel,2021-08,1066352,7043,0.00660476090446681771
ISR,Israel,2021-09,1270230,7684,0.00604929815860119821
ITA,Italy,2021-01,2553032,88516,0.03467093244424668394
ITA,Italy,2021-02,2925265,97699,0.03339834168870170737
ITA,Italy,2021-03,3584899,109346,0.03050183561656827710
ITA,Italy,2021-04,4022653,120807,0.03003167312716259643
ITA,Italy,2021-05,4217821,126128,0.02990359239996197088
ITA,Italy,2021-06,4259909,127566,0.02994571010789197610
ITA,Italy,2021-07,4350028,128063,0.02943958061879141927
ITA,Italy,2021-08,4539991,129221,0.02846283175451228868
ITA,Italy,2021-09,4662087,130742,0.02804366370683344176
JAM,Jamaica,2021-05,48557,948,0.01952344667092283296
JAM,Jamaica,2021-06,50124,1075,0.02144681190647194957
JAM,Jamaica,2021-07,52895,1190,0.02249740051044522167
JAM,Jamaica,2021-08,68131,1518,0.02228060647869545435
JAM,Jamaica,2021-09,83030,1841,0.02217270865952065518
JOR,Jordan,2021-02,391090,4701,0.01202025109309877522
JOR,Jordan,2021-03,611577,6858,0.01121363295218754139
JOR,Jordan,2021-04,711373,8836,0.01242105055997345977
JOR,Jordan,2021-05,736534,9462,0.01284665745233757030
JOR,Jordan,2021-06,751404,9750,0.01297570947186866186
JOR,Jordan,2021-07,770712,10032,0.01301653535951172422
JOR,Jordan,2021-08,797126,10411,0.01306067045862260170
JOR,Jordan,2021-09,820798,10697,0.01303243916286345727
JPN,Japan,2021-03,474641,9155,0.01928826207596899551
JPN,Japan,2021-04,593264,10199,0.01719133471776477251
JPN,Japan,2021-05,747188,13006,0.01740659646568199703
JPN,Japan,2021-06,800305,14730,0.01840548290964069948
JPN,Japan,2021-07,927058,15206,0.01640242573819545271
JPN,Japan,2021-08,1491514,16080,0.01078099166350433184
JPN,Japan,2021-09,1696971,17524,0.01032663492776246618
KAZ,Kazakhstan,2021-02,262715,3389,0.01289991054945473231
KAZ,Kazakhstan,2021-03,297472,5912,0.01987413941480206540
KAZ,Kazakhstan,2021-04,375539,6561,0.01747088850958222715
KAZ,Kazakhstan,2021-05,442935,7321,0.01652838452594624493
KAZ,Kazakhstan,2021-06,482686,7759,0.01607463236969789884
KAZ,Kazakhstan,2021-07,641388,9077,0.01415212008955577591
KAZ,Kazakhstan,2021-08,863581,12936,0.01497948657971863670
KAZ,Kazakhstan,2021-09,956025,15865,0.01659475432127820925
KEN,Kenya,2021-05,170735,3172,0.01857849884323659472
KEN,Kenya,2021-06,184161,3634,0.01973273385787435994
KEN,Kenya,2021-07,203213,3931,0.01934423486686383253
KEN,Kenya,2021-08,235863,4726,0.02003705540928420312
KEN,Kenya,2021-09,248515,5109,0.02055811520431362292
KGZ,Kyrgyzstan,2021-04,95275,1604,0.01683547625295198111
KGZ,Kyrgyzstan,2021-05,104729,1808,0.01726360415930640033
KGZ,Kyrgyzstan,2021-06,125003,2000,0.01599961600921577882
KGZ,Kyrgyzstan,2021-07,162892,2325,0.01427326081084399479
KGZ,Kyrgyzstan,2021-08,175734,2528,0.01438537790069081680
KGZ,Kyrgyzstan,2021-09,178317,2602,0.01459199066830419982
KHM,Cambodia,2021-02,820,,
KHM,Cambodia,2021-03,2440,11,0.00450819672131147541
KHM,Cambodia,2021-04,13402,93,0.00693926279659752276
KHM,Cambodia,2021-05,30094,214,0.00711105203695088722
KHM,Cambodia,2021-06,50385,602,0.01194800039694353478
KHM,Cambodia,2021-07,77243,1397,0.01808578123584014085
KHM,Cambodia,2021-08,93055,1903,0.02045027134490355166
KHM,Cambodia,2021-09,109926,2261,0.02056838236631916016
KIR,Kiribati,2021-09,2,,
KNA,Saint Kitts and Nevis,2021-05,68,,
KNA,Saint Kitts and Nevis,2021-06,446,3,0.00672645739910313901
KNA,Saint Kitts and Nevis,2021-07,593,3,0.00505902192242833052
KNA,Saint Kitts and Nevis,2021-08,1091,3,0.00274977085242896425
KNA,Saint Kitts and Nevis,2021-09,1872,11,0.00587606837606837607
KOR,South Korea,2021-02,90031,1605,0.01782719285579411536
KOR,South Korea,2021-03,103639,1735,0.01674080220766313839
KOR,South Korea,2021-04,122634,1831,0.01493060652021462237
KOR,South Korea,2021-05,140799,1963,0.01394186038253112593
KOR,South Korea,2021-06,157723,2021,0.01281360359617810972
KOR,South Korea,2021-07,199787,2098,0.01050118376070515099
KOR,South Korea,2021-08,253445,2292,0.00904338219337528852
KOR,South Korea,2021-09,305842,2464,0.00805644744672085587
KWT,Kuwait,2021-02,190852,1083,0.00567455410475132563
KWT,Kuwait,2021-03,232103,1313,0.00565697125844991232
KWT,Kuwait,2021-04,273991,1563,0.00570456693833009113
KWT,Kuwait,2021-05,309222,1772,0.00573051076572818234
KWT,Kuwait,2021-06,356687,1969,0.00552024604204807016
KWT,Kuwait,2021-07,397831,2320,0.00583162197013304644
KWT,Kuwait,2021-08,409860,2419,0.00590201532230517738
KWT,Kuwait,2021-09,411533,2447,0.00594606021874308986
LAO,Laos,2021-04,757,,
LAO,Laos,2021-05,1912,3,0.00156903765690376569
LAO,Laos,2021-06,2121,3,0.00141442715700141443
LAO,Laos,2021-07,6299,7,0.00111128750595332592
LAO,Laos,2021-08,15015,14,0.00093240093240093240
LAO,Laos,2021-09,22441,16,0.00071298070495967203
LBN,Lebanon,2021-03,468400,6234,0.01330913748932536294
LBN,Lebanon,2021-04,526578,7278,0.01382131422125497077
LBN,Lebanon,2021-05,540388,7729,0.01430268621805073392
LBN,Lebanon,2021-06,544866,7851,0.01440904736210370990
LBN,Lebanon,2021-07,561380,7906,0.01408315223199971499
LBN,Lebanon,2021-08,602266,8053,0.01337116822135069886
LBN,Lebanon,2021-09,622440,8296,0.01332819227556069661
LBR,Liberia,2021-06,3900,127,0.03256410256410256410
LBR,Liberia,2021-07,5404,148,0.02738712065136935603
LBR,Liberia,2021-08,5594,245,0.04379692527708258849
LBR,Liberia,2021-09,5915,283,0.04784446322907861369
LBY,Libya,2021-08,308972,4247,0.01374558212394650648
LBY,Libya,2021-09,337890,4617,0.01366421024593802717
LCA,Saint Lucia,2021-05,5067,79,0.01559107953424116834
LCA,Saint Lucia,2021-06,5296,84,0.01586102719033232628
LCA,Saint Lucia,2021-07,5610,89,0.01586452762923351159
LCA,Saint Lucia,2021-08,8219,104,0.01265360749482905463
LCA,Saint Lucia,2021-09,11231,186,0.01656130353485887276
LKA,Sri Lanka,2021-04,108146,678,0.00626930260943539289
LKA,Sri Lanka,2021-05,186364,1441,0.00773218003477066386
LKA,Sri Lanka,2021-06,259089,3077,0.01187622785992458190
LKA,Sri Lanka,2021-07,308812,4436,0.01436472675932282424
LKA,Sri Lanka,2021-08,440302,9185,0.02086068198645475151
LKA,Sri Lanka,2021-09,514592,12731,0.02473998818481437722
LSO,Lesotho,2021-05,10831,326,0.03009879050872495614
LSO,Lesotho,2021-06,11344,329,0.02900211565585331453
LSO,Lesotho,2021-07,12908,374,0.02897427951657886582
LSO,Lesotho,2021-08,14395,403,0.02799583188607155262
LSO,Lesotho,2021-09,14395,403,0.02799583188607155262
LTU,Lithuania,2021-01,182543,2808,0.01538267695830571427
LTU,Lithuania,2021-02,199145,3244,0.01628963820331918954
LTU,Lithuania,2021-03,216119,3574,0.01653718553204484566
LTU,Lithuania,2021-04,247269,3923,0.01586531267566900825
LTU,Lithuania,2021-05,274383,4266,0.01554761045691606258
LTU,Lithuania,2021-06,278769,4383,0.01572269513468140288
LTU,Lithuania,2021-07,282818,4415,0.01561074613355585571
LTU,Lithuania,2021-08,298825,4561,0.01526311386262862880
LTU,Lithuania,2021-09,326654,4930,0.01509242195105524500
LUX,Luxembourg,2021-01,50388,577,0.01145113916011748829
LUX,Luxembourg,2021-02,55110,637,0.01155870078025766649
LUX,Luxembourg,2021-03,61642,746,0.01210213815255832063
LUX,Luxembourg,2021-04,67205,796,0.01184435681868908563
LUX,Luxembourg,2021-05,69932,815,0.01165417834467768690
LUX,Luxembourg,2021-06,70787,818,0.01155579414299235735
LUX,Luxembourg,2021-07,73870,822,0.01112765669419250034
LUX,Luxembourg,2021-08,75760,830,0.01095564941921858501
LUX,Luxembourg,2021-09,77930,835,0.01071474400102656230
LVA,Latvia,2021-01,66241,1195,0.01804018659138599961
LVA,Latvia,2021-02,86186,1618,0.01877335066020003249
LVA,Latvia,2021-03,102363,1899,0.01855162509891269306
LVA,Latvia,2021-04,118558,2131,0.01797432480304998397
LVA,Latvia,2021-05,133199,2376,0.01783797175654471880
LVA,Latvia,2021-06,137429,2513,0.01828580576152049422
LVA,Latvia,2021-07,138863,2556,0.01840663099601765769
LVA,Latvia,2021-08,142637,2578,0.01807385180563247965
LVA,Latvia,2021-09,155076,2689,0.01733988495963269623
MAR,Morocco,2021-02,483654,8623,0.01782886112799646028
MAR,Morocco,2021-03,496097,8818,0.01777474969612797497
MAR,Morocco,2021-04,511249,9023,0.01764893427664406190
MAR,Morocco,2021-05,519216,9147,0.01761694554867338449
MAR,Morocco,2021-06,531361,9296,0.01749469757848242532
MAR,Morocco,2021-07,623528,9785,0.01569296005953221026
MAR,Morocco,2021-08,860948,12649,0.01469194422891974893
MAR,Morocco,2021-09,929699,14199,0.01527268503031626365
MDA,Moldova,2021-04,250837,5812,0.02317042541570820892
MDA,Moldova,2021-05,255186,6107,0.02393156364377356125
MDA,Moldova,2021-06,256734,6194,0.02412613833773477607
MDA,Moldova,2021-07,259478,6255,0.02410608991899120542
MDA,Moldova,2021-08,267526,6401,0.02392664638203389577
MDA,Moldova,2021-09,290043,6713,0.02314484404036642843
MDG,Madagascar,2021-09,42898,958,0.02233204345190917992
MDV,Maldives,2021-04,29835,73,0.00244679068208479973
MDV,Maldives,2021-05,64396,160,0.00248462637430896329
MDV,Maldives,2021-06,73798,210,0.00284560557196671997
MDV,Maldives,2021-07,77432,221,0.00285411716086372559
MDV,Maldives,2021-08,81112,226,0.00278627083538810534
MDV,Maldives,2021-09,84484,231,0.00273424553761659012
MEX,Mexico,2021-01,1864260,158536,0.08503964039350734340
MEX,Mexico,2021-02,2086938,185715,0.08898922727939210460
MEX,Mexico,2021-03,2238887,203210,0.09076384828711766159
MEX,Mexico,2021-04,2344755,216907,0.09250731952805303752
MEX,Mexico,2021-05,2413742,223568,0.09262298953243552956
MEX,Mexico,2021-06,2519269,233047,0.09250580227835931772
MEX,Mexico,2021-07,2848252,240906,0.08458029696810535023
MEX,Mexico,2021-08,3352410,259326,0.07735509678112164085
MEX,Mexico,2021-09,3635807,275676,0.07582250653018710839
MKD,North Macedonia,2021-05,155272,5413,0.03486140450306558813
MKD,North Macedonia,2021-06,155684,5484,0.03522519976362375067
MKD,North Macedonia,2021-07,156380,5493,0.03512597518864304898
MKD,North Macedonia,2021-08,176494,5938,0.03364420320237515156
MKD,North Macedonia,2021-09,189999,6607,0.03477386723088016253
MLI,Mali,2021-05,14267,517,0.03623747108712413261
MLI,Mali,2021-06,14426,525,0.03639262442811590184
MLI,Mali,2021-07,14584,532,0.03647833241908941306
MLI,Mali,2021-08,14889,539,0.03620122237893747062
MLI,Mali,2021-09,15165,547,0.03606989779096604022
MLT,Malta,2021-01,17903,267,0.01491370161425459420
MLT,Malta,2021-02,22482,315,0.01401120896717373899
MLT,Malta,2021-03,29033,392,0.01350187717424999139
MLT,Malta,2021-04,30292,413,0.01363396276244553017
MLT,Malta,2021-05,30535,419,0.01372195840838382184
MLT,Malta,2021-06,30623,420,0.01371518139960160664
MLT,Malta,2021-07,34295,423,0.01233415949846916460
MLT,Malta,2021-08,36171,441,0.01219208758397611346
MLT,Malta,2021-09,37103,457,0.01231706331024445463
MMR,Myanmar,2021-03,142434,3206,0.02250867068256174790
MMR,Myanmar,2021-04,142817,3209,0.02246931387719949306
MMR,Myanmar,2021-05,143629,3217,0.02239798369410077352
MMR,Myanmar,2021-06,157277,3334,0.02119826802393229779
MMR,Myanmar,2021-07,299185,9334,0.03119808813944549359
MMR,Myanmar,2021-08,399282,15389,0.03854168231976397634
MMR,Myanmar,2021-09,459436,17583,0.03827083641682410608
MNE,Montenegro,2021-03,91218,1274,0.01396654169133285097
MNE,Montenegro,2021-04,97389,1495,0.01535080963969236772
MNE,Montenegro,2021-05,99623,1584,0.01589994278429679893
MNE,Montenegro,2021-06,100252,1613,0.01608945457447232973
MNE,Montenegro,2021-07,101927,1630,0.01599183729531919903
MNE,Montenegro,2021-08,115385,1724,0.01494128352905490315
MNE,Montenegro,2021-09,129990,1906,0.01466266635895068851
MNG,Mongolia,2021-04,37285,115,0.00308435027490948102
MNG,Mongolia,2021-05,58439,276,0.00472287342356987628
MNG,Mongolia,2021-06,115478,563,0.00487538751970072222
MNG,Mongolia,2021-07,164155,815,0.00496481983491212573
MNG,Mongolia,2021-08,213820,937,0.00438219062763071743
MNG,Mongolia,2021-09,298919,1242,0.00415497174819934497
MOZ,Mozambique,2021-05,70795,836,0.01180874355533582880
MOZ,Mozambique,2021-06,76404,878,0.01149154494529082247
MOZ,Mozambique,2021-07,122028,1434,0.01175140131773035697
MOZ,Mozambique,2021-08,146316,1864,0.01273955001503594959
MOZ,Mozambique,2021-09,150540,1910,0.01268765776537797263
MRT,Mauritania,2021-05,19547,463,0.02368649920703944339
MRT,Mauritania,2021-06,20808,489,0.02350057670126874279
MRT,Mauritania,2021-07,25691,562,0.02187536491378303686
MRT,Mauritania,2021-08,33580,715,0.02129243597379392496
MRT,Mauritania,2021-09,35889,772,0.02151076931650366408
MUS,Mauritius,2021-05,1375,18,0.01309090909090909091
MUS,Mauritius,2021-06,1898,18,0.00948366701791359326
MUS,Mauritius,2021-07,3913,19,0.00485560950677229747
MUS,Mauritius,2021-08,10676,31,0.00290370925440239790
MUS,Mauritius,2021-09,15391,79,0.00513286985900851147
MWI,Malawi,2021-06,36126,1196,0.03310634999723191054
MWI,Malawi,2021-07,52347,1635,0.03123388159779930082
MWI,Malawi,2021-08,60494,2177,0.03598704003702846563
MWI,Malawi,2021-09,61517,2278,0.03703041435700700619
MYS,Malaysia,2021-02,300752,1135,0.00377387349045060382
MYS,Malaysia,2021-03,345500,1272,0.00368162083936324168
MYS,Malaysia,2021-04,408713,1506,0.00368473721168644012
MYS,Malaysia,2021-05,572357,2796,0.00488506299390065990
MYS,Malaysia,2021-06,751979,5170,0.00687519199339343253
MYS,Malaysia,2021-07,1113272,9024,0.00810583577059335005
MYS,Malaysia,2021-08,1746254,16664,0.00954271257216876812
MYS,Malaysia,2021-09,2209194,25695,0.01163093870434194552
NAM,Namibia,2021-04,48351,642,0.01327790531736675560
NAM,Namibia,2021-05,55549,830,0.01494176312804910979
NAM,Namibia,2021-06,89917,1521,0.01691559994216888909
NAM,Namibia,2021-07,118922,3044,0.02559660954238912901
NAM,Namibia,2021-08,125046,3375,0.02699006765510292212
NAM,Namibia,2021-09,127373,3494,0.02743124524035706154
NER,Niger,2021-05,5410,192,0.03548983364140480591
NER,Niger,2021-06,5489,193,0.03516123155401712516
NER,Niger,2021-07,5623,195,0.03467899697670282767
NER,Niger,2021-08,5849,199,0.03402290989912805608
NER,Niger,2021-09,5990,201,0.03355592654424040067
NGA,Nigeria,2021-05,166518,2099,0.01260524387753876458
NGA,Nigeria,2021-06,167618,2120,0.01264780632151678221
NGA,Nigeria,2021-07,173908,2149,0.01235710835614232813
NGA,Nigeria,2021-08,192431,2469,0.01283057303656895199
NGA,Nigeria,2021-09,204752,2690,0.01313784480737672892
NIC,Nicaragua,2021-07,9470,195,0.02059134107708553326
NIC,Nicaragua,2021-08,11735,200,0.01704303365999147848
NIC,Nicaragua,2021-09,13730,203,0.01478514202476329206
NLD,Netherlands,2021-01,992075,14108,0.01422069903989113726
NLD,Netherlands,2021-02,1103564,15688,0.01421575912226205277
NLD,Netherlands,2021-03,1292806,16689,0.01290912944401557542
NLD,Netherlands,2021-04,1522973,17398,0.01142370875911785698
NLD,Netherlands,2021-05,1676744,17897,0.01067366276545495317
NLD,Netherlands,2021-06,1712747,18028,0.01052578109901812702
NLD,Netherlands,2021-07,1895343,18114,0.00955710918815222363
NLD,Netherlands,2021-08,1976440,18368,0.00929347716095606242
NLD,Netherlands,2021-09,2035980,18566,0.00911895008791834890
NOR,Norway,2021-01,62966,564,0.00895721500492329194
NOR,Norway,2021-02,71006,622,0.00875982311353970087
NOR,Norway,2021-03,96079,673,0.00700465242144485267
NOR,Norway,2021-04,112970,756,0.00669204213508010976
NOR,Norway,2021-05,125116,783,0.00625819239745516161
NOR,Norway,2021-06,131316,794,0.00604648329221115477
NOR,Norway,2021-07,137627,799,0.00580554687670297253
NOR,Norway,2021-08,160174,814,0.00508197335397754942
NOR,Norway,2021-09,187593,850,0.00453108591471963240
NPL,Nepal,2021-05,561302,7386,0.01315869175595312327
NPL,Nepal,2021-06,638805,9112,0.01426413381235275240
NPL,Nepal,2021-07,695389,9857,0.01417480000402652328
NPL,Nepal,2021-08,762647,10750,0.01409564320058952569
NPL,Nepal,2021-09,792367,11103,0.01401244625280961978
NZL,New Zealand,2021-02,2378,26,0.01093355761143818335
NZL,New Zealand,2021-03,2501,26,0.01039584166333466613
NZL,New Zealand,2021-04,2613,26,0.00995024875621890547
NZL,New Zealand,2021-05,2674,26,0.00972326103216155572
NZL,New Zealand,2021-06,2743,26,0.00947867298578199052
NZL,New Zealand,2021-07,2874,26,0.00904662491301322199
NZL,New Zealand,2021-08,3570,26,0.00728291316526610644
NZL,New Zealand,2021-09,4205,27,0.00642092746730083234
OMN,Oman,2021-01,134326,1529,0.01138275538615011241
OMN,Oman,2021-02,141496,1570,0.01109572002035393227
OMN,Oman,2021-03,159218,1678,0.01053900940848396538
OMN,Oman,2021-04,193253,2010,0.01040087346638862010
OMN,Oman,2021-05,217224,2345,0.01079530806908997164
OMN,Oman,2021-06,268545,3100,0.01154368913962278203
OMN,Oman,2021-07,295857,3814,0.01289136305715261089
OMN,Oman,2021-08,302300,4064,0.01344359907376778035
OMN,Oman,2021-09,303673,4095,0.01348489987585330273
OWID_KOS,Kosovo,2021-06,107758,2262,0.02099148091093004696
OWID_KOS,Kosovo,2021-07,108365,2269,0.02093849490149033359
OWID_KOS,Kosovo,2021-08,144986,2503,0.01726373580897465962
OWID_KOS,Kosovo,2021-09,159893,2939,0.01838104232205287286
PAK,Pakistan,2021-05,922824,20850,0.02259369067124392083
PAK,Pakistan,2021-06,958408,22321,0.02328966369228971378
PAK,Pakistan,2021-07,1034837,23422,0.02263351619627052376
PAK,Pakistan,2021-08,1163688,25889,0.02224737214786093867
PAK,Pakistan,2021-09,1241825,27638,0.02225595393875948705
PAN,Panama,2021-02,340915,5845,0.01714503615270668642
PAN,Panama,2021-03,355051,6114,0.01722006134329997662
PAN,Panama,2021-04,364576,6232,0.01709382954445712279
PAN,Panama,2021-05,378097,6371,0.01685017336820974512
PAN,Panama,2021-06,403778,6545,0.01620940219625635869
PAN,Panama,2021-07,435655,6823,0.01566147524991105347
PAN,Panama,2021-08,457487,7061,0.01543431835221547279
PAN,Panama,2021-09,466357,7216,0.01547312466629642098
PER,Peru,2021-02,1323863,122502,0.09253374405055508010
PER,Peru,2021-03,1548807,143416,0.09259772198860154945
PER,Peru,2021-04,1799445,166701,0.09264023073781082500
PER,Peru,2021-05,1955469,183783,0.09398410304637915508
PER,Peru,2021-06,2052065,192331,0.09372558861439574282
PER,Peru,2021-07,2111393,196353,0.09299689825626967599
PER,Peru,2021-08,2149591,198263,0.09223289453668162920
PER,Peru,2021-09,2173354,199314,0.09170802363535806868
PHL,Philippines,2021-03,747288,13297,0.01779367526308464742
PHL,Philippines,2021-04,1037460,17234,0.01661172478938947044
PHL,Philippines,2021-05,1230301,20966,0.01704135817169944591
PHL,Philippines,2021-06,1412559,24662,0.01745909374404892114
PHL,Philippines,2021-07,1588965,27889,0.01755167672038087686
PHL,Philippines,2021-08,1989857,33448,0.01680924810174801506
PHL,Philippines,2021-09,2490858,37405,0.01501691385056875984
PNG,Papua New Guinea,2021-07,17717,192,0.01083704916182197889
PNG,Papua New Guinea,2021-08,17838,192,0.01076353851328624285
PNG,Papua New Guinea,2021-09,19523,227,0.01162731137632535983
POL,Poland,2021-01,1513385,37180,0.02456744318200590068
POL,Poland,2021-02,1706986,43769,0.02564110074716488595
POL,Poland,2021-03,2321717,53045,0.02284731515512011154
POL,Poland,2021-04,2792142,67502,0.02417570453078675798
POL,Poland,2021-05,2872283,73745,0.02567469848897201286
POL,Poland,2021-06,2879912,75021,0.02604975429804799591
POL,Poland,2021-07,2882939,75261,0.02610565121218312285
POL,Poland,2021-08,2888670,75345,0.02608293782259655828
POL,Poland,2021-09,2903655,75572,0.02602650797012730507
PRT,Portugal,2021-01,720516,12482,0.01732369579579079438
PRT,Portugal,2021-02,804562,16317,0.02028059987918892515
PRT,Portugal,2021-03,821722,16848,0.02050328456582639871
PRT,Portugal,2021-04,836493,16974,0.02029186137839766740
PRT,Portugal,2021-05,849093,17025,0.02005080715539993852
PRT,Portugal,2021-06,879557,17096,0.01943705751872817794
PRT,Portugal,2021-07,968631,17361,0.01792323392499310883
PRT,Portugal,2021-08,1037927,17743,0.01709465116525535996
PRT,Portugal,2021-09,1067175,17955,0.01682479443390259330
PRY,Paraguay,2021-03,214667,4206,0.01959313727773714637
PRY,Paraguay,2021-04,279077,6385,0.02287899038616582520
PRY,Paraguay,2021-05,355384,9186,0.02584809670666096392
PRY,Paraguay,2021-06,423282,12895,0.03046432402039302404
PRY,Paraguay,2021-07,452388,14981,0.03311537883409816352
PRY,Paraguay,2021-08,458528,15767,0.03438612254867750715
PRY,Paraguay,2021-09,459828,16189,0.03520664248371130075
PSE,Palestine,2021-03,242353,2627,0.01083956047583483596
PSE,Palestine,2021-04,296462,3249,0.01095924604165120656
PSE,Palestine,2021-05,308350,3497,0.01134100859413004702
PSE,Palestine,2021-06,314167,3563,0.01134110202535594127
PSE,Palestine,2021-07,316738,3603,0.01137533229356755426
PSE,Palestine,2021-08,342282,3680,0.01075136875441887099
PSE,Palestine,2021-09,398946,4046,0.01014172344126774050
QAT,Qatar,2021-04,205652,458,0.00222706319413377939
QAT,Qatar,2021-05,217458,556,0.00255681556898343588
QAT,Qatar,2021-06,222071,590,0.00265680795781529331
QAT,Qatar,2021-07,226239,601,0.00265648274612246341
QAT,Qatar,2021-08,232744,602,0.00258653284295191283
QAT,Qatar,2021-09,236388,605,0.00255935157453000998
ROU,Romania,2021-01,728743,18335,0.02515976139736505188
ROU,Romania,2021-02,801994,20350,0.02537425467023444066
ROU,Romania,2021-03,952803,23538,0.02470395244347467420
ROU,Romania,2021-04,1055265,28109,0.02663691110763647046
ROU,Romania,2021-05,1077737,30312,0.02812560021600817268
ROU,Romania,2021-06,1080792,33786,0.03126040903337552462
ROU,Romania,2021-07,1083189,34281,0.03164821651623123942
ROU,Romania,2021-08,1098765,34570,0.03146259664259418529
ROU,Romania,2021-09,1199761,36450,0.03038105089263611669
RUS,Russia,2021-03,4494234,97219,0.02163193994794218548
RUS,Russia,2021-04,4750755,108290,0.02279427164734868458
RUS,Russia,2021-05,5013512,119464,0.02382840611531397551
RUS,Russia,2021-06,5449594,132973,0.02440053332413387126
RUS,Russia,2021-07,6185249,155952,0.02521353626992219715
RUS,Russia,2021-08,6820697,180009,0.02639158432048806742
RUS,Russia,2021-09,7334843,201015,0.02740549456886807257
RWA,Rwanda,2021-05,26963,353,0.01309201498349590179
RWA,Rwanda,2021-06,39047,438,0.01121725100519886291
RWA,Rwanda,2021-07,70698,808,0.01142889473535319245
RWA,Rwanda,2021-08,87627,1089,0.01242767640110924715
RWA,Rwanda,2021-09,96982,1258,0.01297147924357097193
SAU,Saudi Arabia,2021-06,487592,7819,0.01603594808774549213
SAU,Saudi Arabia,2021-07,525730,8237,0.01566773819260837312
SAU,Saudi Arabia,2021-08,543318,8512,0.01566669979643597304
SAU,Saudi Arabia,2021-09,546985,8704,0.01591268499136173752
SDN,Sudan,2021-05,35495,2631,0.07412311593182138329
SDN,Sudan,2021-06,36658,2754,0.07512684816411151727
SDN,Sudan,2021-07,37138,2776,0.07474823630782486941
SDN,Sudan,2021-08,37709,2831,0.07507491580259354531
SDN,Sudan,2021-09,38201,2900,0.07591424308264181566
SEN,Senegal,2021-05,41416,1139,0.02750144871547228124
SEN,Senegal,2021-06,43128,1166,0.02703580040808755333
SEN,Senegal,2021-07,62290,1353,0.02172098250120404559
SEN,Senegal,2021-08,72805,1765,0.02424284046425382872
SEN,Senegal,2021-09,73747,1855,0.02515356556876889907
SGP,Singapore,2021-01,59536,29,0.00048710024187046493
SGP,Singapore,2021-02,59936,29,0.00048384943940202883
SGP,Singapore,2021-03,60381,30,0.00049684503403388483
SGP,Singapore,2021-04,61145,30,0.00049063701038515005
SGP,Singapore,2021-05,62051,33,0.00053182059918454175
SGP,Singapore,2021-06,62579,36,0.00057527285511113952
SGP,Singapore,2021-07,64981,37,0.00056939720841476739
SGP,Singapore,2021-08,67620,55,0.00081336882579118604
SGP,Singapore,2021-09,89539,80,0.00089346541730419147
SLB,Solomon Islands,2021-06,20,,
SLB,Solomon Islands,2021-07,20,,
SLB,Solomon Islands,2021-08,20,,
SLB,Solomon Islands,2021-09,20,,
SLE,Sierra Leone,2021-04,4054,79,0.01948692649235323138
SLE,Sierra Leone,2021-05,4147,79,0.01904991560163973957
SLE,Sierra Leone,2021-06,5575,100,0.01793721973094170404
SLE,Sierra Leone,2021-07,6283,120,0.01909915645392328505
SLE,Sierra Leone,2021-08,6367,121,0.01900424061567457201
SLE,Sierra Leone,2021-09,6393,121,0.01892695135304239011
SLV,El Salvador,2021-04,69198,2124,0.03069452874360530651
SLV,El Salvador,2021-05,73702,2249,0.03051477571843369244
SLV,El Salvador,2021-06,78766,2381,0.03022877891476017571
SLV,El Salvador,2021-07,86620,2629,0.03035095820826598938
SLV,El Salvador,2021-08,94060,2918,0.03102275143525409313
SLV,El Salvador,2021-09,104348,3197,0.03063786560355732740
SMR,San Marino,2021-03,4732,84,0.01775147928994082840
SMR,San Marino,2021-04,5060,90,0.01778656126482213439
SMR,San Marino,2021-05,5090,90,0.01768172888015717092
SMR,San Marino,2021-06,5092,90,0.01767478397486252946
SMR,San Marino,2021-07,5143,90,0.01749951390239160023
SMR,San Marino,2021-08,5331,90,0.01688238604389420371
SMR,San Marino,2021-09,5428,91,0.01676492262343404569
SRB,Serbia,2021-02,459259,4443,0.00967427965483528902
SRB,Serbia,2021-03,600596,5308,0.00883788769821976836
SRB,Serbia,2021-04,689557,6362,0.00922621335147058184
SRB,Serbia,2021-05,712472,6865,0.00963546637622250418
SRB,Serbia,2021-06,716562,7047,0.00983445954432414781
SRB,Serbia,2021-07,721918,7114,0.00985430478253762893
SRB,Serbia,2021-08,762933,7292,0.00955785108259834088
SRB,Serbia,2021-09,917802,8097,0.00882216425765034288
SSD,South Sudan,2021-06,10834,117,0.01079933542551227617
SSD,South Sudan,2021-07,11049,119,0.01077020544845687393
SSD,South Sudan,2021-08,11436,120,0.01049317943336831060
SSD,South Sudan,2021-09,11954,128,0.01070771289944788355
STP,Sao Tome and Principe,2021-05,2345,38,0.01620469083155650320
STP,Sao Tome and Principe,2021-06,2366,41,0.01732882502113271344
STP,Sao Tome and Principe,2021-07,2454,37,0.01507742461287693562
STP,Sao Tome and Principe,2021-08,2608,37,0.01418711656441717791
STP,Sao Tome and Principe,2021-09,3349,49,0.01463123320394147507
SUR,Suriname,2021-05,14954,302,0.02019526548080781062
SUR,Suriname,2021-06,21732,522,0.02401987852015461071
SUR,Suriname,2021-07,25351,649,0.02560056802492998304
SUR,Suriname,2021-08,29293,721,0.02461338886423377599
SUR,Suriname,2021-09,40476,861,0.02127186480877557071
SVK,Slovakia,2021-01,249913,4642,0.01857446391344187777
SVK,Slovakia,2021-02,308083,7189,0.02333462086515646758
SVK,Slovakia,2021-03,361185,9719,0.02690864792280964049
SVK,Slovakia,2021-04,382211,11684,0.03056950218596534375
SVK,Slovakia,2021-05,389721,12343,0.03167137516325781777
SVK,Slovakia,2021-06,391642,12510,0.03194243722583379719
SVK,Slovakia,2021-07,392647,12540,0.03193708343626718146
SVK,Slovakia,2021-08,394923,12548,0.03177328238669310220
SVK,Slovakia,2021-09,408609,12596,0.03082653588149061817
SVN,Slovenia,2020-12,122152,2697,0.02207904905363809025
SVN,Slovenia,2021-01,166473,3503,0.02104245132844365152
SVN,Slovenia,2021-02,190081,3836,0.02018087026057312409
SVN,Slovenia,2021-03,215602,4047,0.01877069785994564058
SVN,Slovenia,2021-04,240292,4250,0.01768681437584272468
SVN,Slovenia,2021-05,253722,4375,0.01724328201732604977
SVN,Slovenia,2021-06,257335,4419,0.01717216857403773292
SVN,Slovenia,2021-07,259215,4429,0.01708620257315355979
SVN,Slovenia,2021-08,267198,4450,0.01665431627482241634
SVN,Slovenia,2021-09,289955,4544,0.01567139728578572537
SWE,Sweden,2021-01,566957,11591,0.02044423122035709939
SWE,Sweden,2021-02,657309,12826,0.01951289271864526425
SWE,Sweden,2021-03,804886,13465,0.01672907716123774050
SWE,Sweden,2021-04,973604,14048,0.01442886430211872589
SWE,Sweden,2021-05,1068473,14451,0.01352490891206422624
SWE,Sweden,2021-06,1089990,14629,0.01342122404792704520
SWE,Sweden,2021-07,1100040,14656,0.01332315188538598596
SWE,Sweden,2021-08,1126813,14692,0.01303854321879495533
SWE,Sweden,2021-09,1149407,14821,0.01289447515109965400
SWZ,Eswatini,2021-06,19084,678,0.03552714315657094949
SWZ,Eswatini,2021-07,25979,787,0.03029369875668809423
SWZ,Eswatini,2021-08,43371,1101,0.02538562634018122709
SWZ,Eswatini,2021-09,45812,1213,0.02647777874792630752
SYC,Seychelles,2021-02,2592,11,0.00424382716049382716
SYC,Seychelles,2021-03,4114,20,0.00486144871171609140
SYC,Seychelles,2021-04,5838,27,0.00462487153134635149
SYC,Seychelles,2021-05,11468,40,0.00348796651552145099
SYC,Seychelles,2021-06,15671,56,0.00357347967583434369
SYC,Seychelles,2021-07,18328,79,0.00431034482758620690
SYC,Seychelles,2021-08,20038,102,0.00509032837608543767
SYC,Seychelles,2021-09,21374,110,0.00514643959951342753
TCD,Chad,2021-07,4973,174,0.03498894027749849186
TCD,Chad,2021-08,4992,174,0.03485576923076923077
TCD,Chad,2021-09,5034,174,0.03456495828367103695
TGO,Togo,2021-05,13466,125,0.00928263775434427447
TGO,Togo,2021-06,13917,129,0.00926923906014227204
TGO,Togo,2021-07,15798,152,0.00962147107228763135
TGO,Togo,2021-08,21261,185,0.00870137811015474343
TGO,Togo,2021-09,25252,227,0.00898938697924916838
THA,Thailand,2021-03,28863,94,0.00325676471607248034
THA,Thailand,2021-04,65153,203,0.00311574294353291483
THA,Thailand,2021-05,159792,1031,0.00645213777911284670
THA,Thailand,2021-06,259301,2023,0.00780174391922900413
THA,Thailand,2021-07,597287,4857,0.00813176914950434213
THA,Thailand,2021-08,1204729,11589,0.00961959079593833966
THA,Thailand,2021-09,1571926,16369,0.01041334006817114801
TJK,Tajikistan,2021-05,13714,91,0.00663555490739390404
TJK,Tajikistan,2021-06,13905,91,0.00654440848615605897
TJK,Tajikistan,2021-07,15482,122,0.00788011884769409637
TJK,Tajikistan,2021-08,17252,125,0.00724553674936239277
TJK,Tajikistan,2021-09,17484,125,0.00714939373141157630
TLS,Timor,2021-05,6994,16,0.00228767515012868173
TLS,Timor,2021-06,9222,23,0.00249403600086749078
TLS,Timor,2021-07,10898,26,0.00238575885483574968
TLS,Timor,2021-08,16682,67,0.00401630499940055149
TLS,Timor,2021-09,19398,113,0.00582534281884730385
TTO,Trinidad and Tobago,2021-05,23909,495,0.02070350077376720064
TTO,Trinidad and Tobago,2021-06,32793,847,0.02582868295062970756
TTO,Trinidad and Tobago,2021-07,38811,1070,0.02756950349127824586
TTO,Trinidad and Tobago,2021-08,44847,1291,0.02878676388610163445
TTO,Trinidad and Tobago,2021-09,50055,1464,0.02924782738987114174
TUN,Tunisia,2021-04,309119,10722,0.03468567121399849249
TUN,Tunisia,2021-05,345474,12654,0.03662793726879591518
TUN,Tunisia,2021-06,420103,14959,0.03560793424469713380
TUN,Tunisia,2021-07,589565,19686,0.03339072027681426136
TUN,Tunisia,2021-08,664034,23451,0.03531596273684781201
TUN,Tunisia,2021-09,705474,24794,0.03514516481117659900
TUR,Turkey,2021-02,2701588,28569,0.01057489150825366414
TUR,Turkey,2021-03,3317182,31537,0.00950716602224418196
TUR,Turkey,2021-04,4820591,40131,0.00832491285819518810
TUR,Turkey,2021-05,5249404,47527,0.00905378972546216675
TUR,Turkey,2021-06,5425652,49732,0.00916608732001241510
TUR,Turkey,2021-07,5727045,51332,0.00896308654812385794
TUR,Turkey,2021-08,6388301,56710,0.00887716467962295452
TUR,Turkey,2021-09,7066658,63372,0.00896774684723669944
TZA,Tanzania,2021-08,1367,50,0.03657644476956839795
TZA,Tanzania,2021-09,1367,50,0.03657644476956839795
UGA,Uganda,2021-05,47147,362,0.00767811313551233376
UGA,Uganda,2021-06,79977,1023,0.01279117746352076222
UGA,Uganda,2021-07,93927,2690,0.02863926240591097342
UGA,Uganda,2021-08,119915,3012,0.02511779176916982863
UGA,Uganda,2021-09,123245,3146,0.02552639052294210718
UKR,Ukraine,2021-03,1725029,34456,0.01997415695620189574
UKR,Ukraine,2021-04,2124070,45923,0.02162028558380844322
UKR,Ukraine,2021-05,2260899,52573,0.02325313956970214061
UKR,Ukraine,2021-06,2300101,54581,0.02372982751626993771
UKR,Ukraine,2021-07,2333409,55556,0.02380894219573165270
UKR,Ukraine,2021-08,2384564,57004,0.02390541834901474651
UKR,Ukraine,2021-09,2503710,59384,0.02371840189159287617
URY,Uruguay,2021-03,105549,974,0.00922794152478943429
URY,Uruguay,2021-04,198428,2616,0.01318362327897272562
URY,Uruguay,2021-05,294503,4276,0.01451937671263111072
URY,Uruguay,2021-06,369350,5593,0.01514281846487071883
URY,Uruguay,2021-07,381517,5964,0.01563233093151812370
URY,Uruguay,2021-08,384934,6032,0.01567021879075373960
URY,Uruguay,2021-09,388572,6053,0.01557755062124908640
USA,United States,2021-01,26301008,449195,0.01707900320778580045
USA,United States,2021-02,28701663,514818,0.01793687006916637548
USA,United States,2021-03,30514649,552322,0.01810022458393671839
USA,United States,2021-04,32403063,576112,0.01777955374157066571
USA,United States,2021-05,33321372,594286,0.01783497990418881912
USA,United States,2021-06,33720750,604613,0.01792999859137178147
USA,United States,2021-07,35037820,613352,0.01750542699288939780
USA,United States,2021-08,39322091,641180,0.01630584701103509475
USA,United States,2021-09,43116442,690426,0.01601305599381321863
UZB,Uzbekistan,2021-05,100335,690,0.00687696217670802811
UZB,Uzbekistan,2021-06,110677,736,0.00664998147763311257
UZB,Uzbekistan,2021-07,129327,874,0.00675806289483247891
UZB,Uzbekistan,2021-08,156394,1082,0.00691842398045960842
UZB,Uzbekistan,2021-09,172493,1225,0.00710173746181004447
VCT,Saint Vincent and the Grenadines,2021-07,2291,12,0.00523788738542121344
VCT,Saint Vincent and the Grenadines,2021-08,2336,12,0.00513698630136986301
VCT,Saint Vincent and the Grenadines,2021-09,3359,18,0.00535873771955939268
VEN,Venezuela,2021-06,272712,3119,0.01143697380386634985
VEN,Venezuela,2021-07,305766,3591,0.01174427503384941426
VEN,Venezuela,2021-08,334343,4010,0.01199367117002599127
VEN,Venezuela,2021-09,363300,4412,0.01214423341590971649
VNM,Vietnam,2021-04,2928,35,0.01195355191256830601
VNM,Vietnam,2021-05,7432,47,0.00632400430570505920
VNM,Vietnam,2021-06,17052,81,0.00475017593244194229
VNM,Vietnam,2021-07,150060,1306,0.00870318539250966280
VNM,Vietnam,2021-08,462096,11064,0.02394307676326996988
VNM,Vietnam,2021-09,766051,18758,0.02448662034250983290
VUT,Vanuatu,2021-07,4,1,0.25000000000000000000
VUT,Vanuatu,2021-08,4,1,0.25000000000000000000
VUT,Vanuatu,2021-09,4,1,0.25000000000000000000
WSM,Samoa,2021-06,3,,
WSM,Samoa,2021-07,3,,
WSM,Samoa,2021-08,3,,
WSM,Samoa,2021-09,3,,
YEM,Yemen,2021-07,7061,1375,0.19473162441580512675
YEM,Yemen,2021-08,7869,1472,0.18706315923243105858
YEM,Yemen,2021-09,8988,1703,0.18947485536270583000
ZAF,South Africa,2021-02,1513393,49993,0.03303371959563708832
ZAF,South Africa,2021-03,1548157,52846,0.03413478090400392208
ZAF,South Africa,2021-04,1581210,54350,0.03437241100170122881
ZAF,South Africa,2021-05,1665617,56506,0.03392496594355124858
ZAF,South Africa,2021-06,1973972,60647,0.03072333346167017567
ZAF,South Africa,2021-07,2447454,72013,0.02942363778849367547
ZAF,South Africa,2021-08,2777659,82261,0.02961522634707860108
ZAF,South Africa,2021-09,2897521,87216,0.03010021325125857587
ZMB,Zambia,2021-05,95263,1281,0.01344698361378499522
ZMB,Zambia,2021-06,154948,2199,0.01419185791362263469
ZMB,Zambia,2021-07,195816,3389,0.01730706377415532949
ZMB,Zambia,2021-08,206327,3602,0.01745772487362293835
ZMB,Zambia,2021-09,208867,3647,0.01746087222969640968
ZWE,Zimbabwe,2021-03,36882,1523,0.04129385608155739927
ZWE,Zimbabwe,2021-04,38257,1567,0.04095982434587134381
ZWE,Zimbabwe,2021-05,38961,1594,0.04091270757937424604
ZWE,Zimbabwe,2021-06,49864,1789,0.03587758703673993262
ZWE,Zimbabwe,2021-07,108860,3532,0.03244534264192540878
ZWE,Zimbabwe,2021-08,124773,4419,0.03541631602991031714
ZWE,Zimbabwe,2021-09,129919,4607,0.03546055619270468523
