iso_code,d,total_cases,total_deaths,reproduction_rate,total_tests,stringency_index
CAN,2020-01-26,1,,,,2.78
CAN,2020-01-27,1,,,,2.78
CAN,2020-01-28,2,,,,2.78
CAN,2020-01-29,2,,,,2.78
CAN,2020-01-30,2,,,,2.78
CAN,2020-01-31,4,,,0,2.78
CAN,2020-02-01,4,,,,2.78
CAN,2020-02-02,4,,,,2.78
CAN,2020-02-03,4,,,,2.78
CAN,2020-02-04,4,,,,2.78
CAN,2020-02-05,5,,,,2.78
CAN,2020-02-06,5,,,,2.78
CAN,2020-02-07,7,,,,2.78
CAN,2020-02-08,7,,,63,2.78
CAN,2020-02-09,7,,,,2.78
CAN,2020-02-10,7,,,,2.78
CAN,2020-02-11,7,,,,2.78
CAN,2020-02-12,7,,,,2.78
CAN,2020-02-13,7,,,,2.78
CAN,2020-02-14,7,,,,2.78
CAN,2020-02-15,7,,,,2.78
CAN,2020-02-16,7,,,109,2.78
CAN,2020-02-17,8,,,,2.78
CAN,2020-02-18,8,,,,2.78
CAN,2020-02-19,8,,,,2.78
CAN,2020-02-20,8,,,,2.78
CAN,2020-02-21,9,,,166,2.78
CAN,2020-02-22,9,,,,2.78
CAN,2020-02-23,9,,,,2.78
CAN,2020-02-24,10,,,212,2.78
CAN,2020-02-25,12,,,230,2.78
CAN,2020-02-26,12,,,292,2.78
CAN,2020-02-27,14,,,369,2.78
CAN,2020-02-28,15,,,,2.78
CAN,2020-02-29,21,,,510,2.78
CAN,2020-03-01,26,,,635,2.78
CAN,2020-03-02,32,,,,2.78
CAN,2020-03-03,37,,,733,2.78
CAN,2020-03-04,42,,,,2.78
CAN,2020-03-05,46,,,1099,2.78
CAN,2020-03-06,60,,,1395,2.78
CAN,2020-03-07,64,,,1767,2.78
CAN,2020-03-08,74,,,2699,2.78
CAN,2020-03-09,88,1,,3531,2.78
CAN,2020-03-10,92,1,,,2.78
CAN,2020-03-11,127,1,,4846,13.89
CAN,2020-03-12,141,1,2.54,6739,22.22
CAN,2020-03-13,213,1,2.57,9889,22.22
CAN,2020-03-14,236,1,2.58,13209,24.07
CAN,2020-03-15,296,1,2.63,17357,24.07
CAN,2020-03-16,450,4,2.67,21876,43.52
CAN,2020-03-17,532,6,2.66,26907,43.52
CAN,2020-03-18,732,11,2.67,34193,61.11
CAN,2020-03-19,921,11,2.65,42801,61.11
CAN,2020-03-20,1175,15,2.62,50068,71.3
CAN,2020-03-21,1653,19,2.59,58195,71.3
CAN,2020-03-22,2045,22,2.51,68730,71.3
CAN,2020-03-23,2600,29,2.43,79877,72.69
CAN,2020-03-24,3185,33,2.35,90468,72.69
CAN,2020-03-25,3683,42,2.26,101538,72.69
CAN,2020-03-26,4550,57,2.19,112449,72.69
CAN,2020-03-27,5249,66,2.11,124666,72.69
CAN,2020-03-28,6085,82,2.04,137153,72.69
CAN,2020-03-29,7015,96,1.98,152595,72.69
CAN,2020-03-30,8121,125,1.91,164718,72.69
CAN,2020-03-31,9246,152,1.85,178318,72.69
CAN,2020-04-01,10527,175,1.79,192339,74.54
CAN,2020-04-02,12219,224,1.72,208760,74.54
CAN,2020-04-03,13559,277,1.65,223618,74.54
CAN,2020-04-04,14906,360,1.58,238679,72.69
CAN,2020-04-05,16475,435,1.52,251171,72.69
CAN,2020-04-06,17521,520,1.46,261979,72.69
CAN,2020-04-07,18858,581,1.41,269825,72.69
CAN,2020-04-08,20122,648,1.37,278552,72.69
CAN,2020-04-09,21502,771,1.34,289379,72.69
CAN,2020-04-10,22777,867,1.31,300011,72.69
CAN,2020-04-11,24084,986,1.29,312421,72.69
CAN,2020-04-12,25303,1095,1.28,324486,72.69
CAN,2020-04-13,26937,1225,1.27,335915,72.69
CAN,2020-04-14,28563,1361,1.26,347084,72.69
CAN,2020-04-15,30223,1515,1.25,359691,72.69
CAN,2020-04-16,32790,1718,1.24,372222,72.69
CAN,2020-04-17,34876,1844,1.22,386119,72.69
CAN,2020-04-18,36358,1987,1.19,399762,72.69
CAN,2020-04-19,38026,2145,1.16,415678,72.69
CAN,2020-04-20,39591,2291,1.14,438683,72.69
CAN,2020-04-21,41334,2484,1.12,460055,72.69
CAN,2020-04-22,43641,2679,1.1,481180,72.69
CAN,2020-04-23,45310,2850,1.08,505372,72.69
CAN,2020-04-24,47007,3030,1.06,530351,72.69
CAN,2020-04-25,48570,3217,1.04,559114,72.69
CAN,2020-04-26,50002,3374,1.03,586081,72.69
CAN,2020-04-27,51621,3559,1.01,613599,72.69
CAN,2020-04-28,53297,3756,1,640576,72.69
CAN,2020-04-29,55061,4000,0.99,664330,72.69
CAN,2020-04-30,56716,4179,0.98,692108,72.69
CAN,2020-05-01,58549,4381,0.97,722784,72.69
CAN,2020-05-02,60023,4529,0.96,757028,72.69
CAN,2020-05-03,61183,4669,0.94,789350,72.69
CAN,2020-05-04,62743,4911,0.93,823469,72.69
CAN,2020-05-05,64100,5081,0.92,852042,72.69
CAN,2020-05-06,65703,5240,0.91,874055,72.69
CAN,2020-05-07,67146,5387,0.91,902008,72.69
CAN,2020-05-08,68485,5540,0.9,933526,72.69
CAN,2020-05-09,69645,5704,0.89,967073,72.69
CAN,2020-05-10,70736,5822,0.89,1003372,72.69
CAN,2020-05-11,71886,5956,0.88,1037402,70.83
CAN,2020-05-12,73083,6107,0.88,1065122,70.83
CAN,2020-05-13,74307,6210,0.88,1089235,70.83
CAN,2020-05-14,75428,6331,0.88,1120608,70.83
CAN,2020-05-15,76691,6452,0.89,1155817,70.83
CAN,2020-05-16,77871,6571,0.89,1193389,70.83
CAN,2020-05-17,78992,6661,0.89,1231243,70.83
CAN,2020-05-18,80033,6753,0.88,1266322,70.83
CAN,2020-05-19,81183,6828,0.88,1290260,70.83
CAN,2020-05-20,82488,6950,0.88,1308948,70.83
CAN,2020-05-21,83650,7046,0.87,1330479,70.83
CAN,2020-05-22,84814,7144,0.87,1358522,70.83
CAN,2020-05-23,85823,7238,0.86,1389533,70.83
CAN,2020-05-24,86749,7326,0.84,1420798,70.83
CAN,2020-05-25,87697,7420,0.83,1452296,70.83
CAN,2020-05-26,88502,7512,0.82,1477996,70.83
CAN,2020-05-27,89380,7606,0.82,1501086,70.83
CAN,2020-05-28,90219,7717,0.81,1533862,70.83
CAN,2020-05-29,91054,7797,0.81,1572747,70.83
CAN,2020-05-30,91805,7857,0.8,1613063,70.83
CAN,2020-05-31,92488,7906,0.8,1655117,70.83
CAN,2020-06-01,93330,7952,0.79,1693572,70.83
CAN,2020-06-02,93991,8008,0.78,1725035,70.83
CAN,2020-06-03,94658,8062,0.78,1754561,70.83
CAN,2020-06-04,95283,8126,0.77,1790252,70.83
CAN,2020-06-05,95949,8166,0.77,1831447,70.83
CAN,2020-06-06,96497,8228,0.77,1873869,70.83
CAN,2020-06-07,97164,8269,0.76,1918112,70.83
CAN,2020-06-08,97685,8313,0.76,1956236,70.83
CAN,2020-06-09,98174,8347,0.75,1986224,70.83
CAN,2020-06-10,98669,8382,0.75,2013633,70.83
CAN,2020-06-11,99118,8413,0.75,2052798,70.83
CAN,2020-06-12,99548,8442,0.75,2096926,70.83
CAN,2020-06-13,99959,8470,0.75,2146743,70.83
CAN,2020-06-14,100286,8489,0.75,2194241,70.83
CAN,2020-06-15,100655,8497,0.76,2236719,70.83
CAN,2020-06-16,101021,8521,0.77,2274339,70.83
CAN,2020-06-17,101429,8542,0.78,2311002,70.83
CAN,2020-06-18,101830,8555,0.79,2354977,70.83
CAN,2020-06-19,102233,8580,0.8,2402050,70.83
CAN,2020-06-20,102652,8609,0.81,2452379,70.83
CAN,2020-06-21,102957,8626,0.82,2500508,70.83
CAN,2020-06-22,103313,8646,0.82,2544303,68.98
CAN,2020-06-23,103707,8670,0.83,2581509,68.98
CAN,2020-06-24,104063,8700,0.83,2612757,68.98
CAN,2020-06-25,104387,8723,0.84,2654415,68.98
CAN,2020-06-26,104638,8730,0.85,2701589,68.98
CAN,2020-06-27,104975,8739,0.86,2750374,68.98
CAN,2020-06-28,105348,8749,0.87,2803892,68.98
CAN,2020-06-29,105732,8768,0.87,2851641,68.98
CAN,2020-06-30,106029,8780,0.87,2894567,68.98
CAN,2020-07-01,106227,8790,0.88,2934155,68.98
CAN,2020-07-02,106583,8806,0.89,2979417,68.98
CAN,2020-07-03,106903,8813,0.91,3023932,68.98
CAN,2020-07-04,107116,8821,0.92,3065271,68.98
CAN,2020-07-05,107303,8823,0.93,3104518,68.98
CAN,2020-07-06,107718,8836,0.95,3145104,68.98
CAN,2020-07-07,107973,8843,0.97,3177228,68.98
CAN,2020-07-08,108302,8855,0.99,3208097,68.98
CAN,2020-07-09,108617,8865,1.01,3250149,67.13
CAN,2020-07-10,108957,8879,1.03,3298898,67.13
CAN,2020-07-11,109133,8882,1.05,3351758,67.13
CAN,2020-07-12,109292,8887,1.08,3405241,67.13
CAN,2020-07-13,109965,8895,1.11,3457060,67.13
CAN,2020-07-14,110352,8900,1.12,3497651,67.13
CAN,2020-07-15,110713,8914,1.13,3532695,67.13
CAN,2020-07-16,111160,8926,1.14,3580120,67.13
CAN,2020-07-17,111630,8936,1.14,3634898,67.13
CAN,2020-07-18,111976,8939,1.15,3693362,67.13
CAN,2020-07-19,112231,8943,1.15,3753607,67.13
CAN,2020-07-20,112982,8947,1.15,3808126,67.13
CAN,2020-07-21,113487,8954,1.14,3852126,67.13
CAN,2020-07-22,113836,8958,1.13,3898127,67.13
CAN,2020-07-23,114494,8966,1.13,3951025,67.13
CAN,2020-07-24,115208,8970,1.11,4008172,67.13
CAN,2020-07-25,115554,8974,1.09,4070037,67.13
CAN,2020-07-26,115851,8978,1.06,4132139,67.13
CAN,2020-07-27,116477,8991,1.04,4188015,67.13
CAN,2020-07-28,116838,9001,1.01,4237258,67.13
CAN,2020-07-29,117325,9006,1.01,4279312,67.13
CAN,2020-07-30,117740,9019,0.99,4335747,67.13
CAN,2020-07-31,118297,9025,0.98,4398108,67.13
CAN,2020-08-01,118523,9029,0.97,4460821,67.13
CAN,2020-08-02,118719,9032,0.96,4529169,67.13
CAN,2020-08-03,118945,9035,0.96,4590402,67.13
CAN,2020-08-04,119658,9043,0.97,4635750,67.13
CAN,2020-08-05,120002,9049,0.97,4677949,67.13
CAN,2020-08-06,120315,9055,0.97,4723937,67.13
CAN,2020-08-07,120851,9060,0.98,4781013,67.13
CAN,2020-08-08,121084,9064,0.98,4839800,67.13
CAN,2020-08-09,121296,9067,0.99,4898783,67.13
CAN,2020-08-10,121926,9074,0.99,4958570,67.13
CAN,2020-08-11,122271,9080,0.98,5005681,67.13
CAN,2020-08-12,122580,9085,0.99,5049821,67.13
CAN,2020-08-13,123051,9091,1,5104825,67.13
CAN,2020-08-14,123464,9095,1,5167879,67.13
CAN,2020-08-15,123670,9101,1.01,5232301,67.13
CAN,2020-08-16,123826,9106,1.03,5298207,67.13
CAN,2020-08-17,124035,9108,1.04,5351934,67.13
CAN,2020-08-18,124936,9118,1.08,5402380,67.13
CAN,2020-08-19,125269,9124,1.09,5450573,67.13
CAN,2020-08-20,125505,9127,1.09,5507747,67.13
CAN,2020-08-21,126212,9141,1.11,5568435,67.13
CAN,2020-08-22,126421,9142,1.11,5632757,67.13
CAN,2020-08-23,126680,9146,1.12,5694345,67.13
CAN,2020-08-24,127433,9154,1.13,5749324,67.13
CAN,2020-08-25,127778,9159,1.12,5791993,64.35
CAN,2020-08-26,128239,9164,1.13,5835264,64.35
CAN,2020-08-27,128706,9168,1.14,5889923,64.35
CAN,2020-08-28,129253,9181,1.15,5952708,67.13
CAN,2020-08-29,129582,9184,1.17,6021277,67.13
CAN,2020-08-30,129829,9185,1.18,6088912,67.13
CAN,2020-08-31,130849,9193,1.2,6146834,67.13
CAN,2020-09-01,131385,9197,1.19,6201792,67.13
CAN,2020-09-02,131956,9199,1.2,6250262,67.13
CAN,2020-09-03,132582,9205,1.2,6308657,67.13
CAN,2020-09-04,133197,9206,1.2,6371047,67.13
CAN,2020-09-05,133587,9207,1.21,6440078,67.13
CAN,2020-09-06,133955,9209,1.22,6509289,67.13
CAN,2020-09-07,134335,9212,1.23,6575400,67.13
CAN,2020-09-08,135826,9219,1.27,6632575,63.43
CAN,2020-09-09,136276,9223,1.27,6686286,63.43
CAN,2020-09-10,137169,9231,1.27,6737627,63.43
CAN,2020-09-11,137976,9231,1.27,6803382,63.43
CAN,2020-09-12,138515,9233,1.28,6882899,63.43
CAN,2020-09-13,139028,9236,1.29,6966164,63.43
CAN,2020-09-14,140487,9249,1.3,7048721,63.43
CAN,2020-09-15,141318,9257,1.29,7121386,63.43
CAN,2020-09-16,142270,9262,1.3,7189611,63.43
CAN,2020-09-17,143149,9267,1.3,7265614,63.43
CAN,2020-09-18,144513,9279,1.31,7358275,63.43
CAN,2020-09-19,145137,9286,1.32,7443935,63.43
CAN,2020-09-20,146321,9288,1.32,7540462,63.43
CAN,2020-09-21,148046,9300,1.32,7629201,63.43
CAN,2020-09-22,149351,9309,1.32,7711178,63.43
CAN,2020-09-23,150652,9317,1.31,7790037,63.43
CAN,2020-09-24,151944,9325,1.31,7875649,63.43
CAN,2020-09-25,153680,9332,1.32,7961189,63.43
CAN,2020-09-26,154948,9338,1.32,8065962,63.43
CAN,2020-09-27,156560,9343,1.31,8167515,63.43
CAN,2020-09-28,158510,9360,1.3,8270610,63.43
CAN,2020-09-29,160441,9373,1.29,8360339,63.43
CAN,2020-09-30,162736,9391,1.29,8446021,63.43
CAN,2020-10-01,164583,9407,1.27,8541588,63.43
CAN,2020-10-02,166824,9505,1.26,8643554,63.43
CAN,2020-10-03,168178,9526,1.25,8744541,63.43
CAN,2020-10-04,170289,9570,1.23,8855895,63.43
CAN,2020-10-05,172826,9599,1.22,8954787,63.43
CAN,2020-10-06,174835,9617,1.2,9045978,63.43
CAN,2020-10-07,176535,9636,1.19,9141759,63.43
CAN,2020-10-08,178904,9654,1.19,9238881,63.43
CAN,2020-10-09,181837,9668,1.19,9346434,63.43
CAN,2020-10-10,183792,9694,1.18,9457407,63.43
CAN,2020-10-11,185566,9708,1.16,9564007,63.43
CAN,2020-10-12,186494,9720,1.15,9664380,63.43
CAN,2020-10-13,190739,9752,1.17,9753793,63.43
CAN,2020-10-14,193208,9777,1.16,9824759,63.43
CAN,2020-10-15,195684,9796,1.15,9905469,63.43
CAN,2020-10-16,198329,9828,1.13,10002301,63.43
CAN,2020-10-17,199523,9836,1.13,10100418,63.43
CAN,2020-10-18,201861,9860,1.13,10202508,63.43
CAN,2020-10-19,204976,9891,1.13,10295050,63.43
CAN,2020-10-20,207465,9909,1.12,10371639,63.43
CAN,2020-10-21,210061,9946,1.13,10439112,63.43
CAN,2020-10-22,212541,9977,1.13,10528083,63.43
CAN,2020-10-23,215574,10004,1.13,10625080,63.43
CAN,2020-10-24,216935,10026,1.13,10720643,63.43
CAN,2020-10-25,219704,10057,1.14,10824708,63.43
CAN,2020-10-26,223984,10095,1.15,10919294,63.43
CAN,2020-10-27,226721,10120,1.14,10993171,63.43
CAN,2020-10-28,229446,10158,1.15,11055901,63.43
CAN,2020-10-29,232497,10192,1.15,11139581,63.43
CAN,2020-10-30,235898,10237,1.15,11231881,63.43
CAN,2020-10-31,238191,10276,1.16,11329993,63.43
CAN,2020-11-01,240586,10313,1.16,11426963,63.43
CAN,2020-11-02,243974,10345,1.17,11516627,63.43
CAN,2020-11-03,248905,10403,1.19,11586165,63.43
CAN,2020-11-04,251822,10444,1.19,11649796,63.43
CAN,2020-11-05,254739,10484,1.2,11729364,63.43
CAN,2020-11-06,260195,10546,1.21,11826258,67.13
CAN,2020-11-07,264545,10593,1.21,11928609,67.13
CAN,2020-11-08,268395,10641,1.2,12028151,67.13
CAN,2020-11-09,273304,10702,1.19,12116510,67.13
CAN,2020-11-10,277892,10769,1.19,12192838,67.13
CAN,2020-11-11,281888,10832,1.18,12264295,67.13
CAN,2020-11-12,287329,10905,1.18,12358240,67.13
CAN,2020-11-13,292173,10951,1.17,12460757,67.13
CAN,2020-11-14,296394,11013,1.16,12562354,67.13
CAN,2020-11-15,300597,11078,1.15,12670682,67.13
CAN,2020-11-16,306437,11152,1.14,12773233,67.13
CAN,2020-11-17,311043,11220,1.13,12857284,67.13
CAN,2020-11-18,315586,11324,1.13,12931224,70.83
CAN,2020-11-19,320481,11394,1.13,13025678,70.83
CAN,2020-11-20,325356,11461,1.13,13136367,70.83
CAN,2020-11-21,330240,11527,1.13,13252042,70.83
CAN,2020-11-22,335038,11583,1.13,13373339,70.83
CAN,2020-11-23,341746,11662,1.13,13486536,70.83
CAN,2020-11-24,347135,11762,1.12,13583460,70.83
CAN,2020-11-25,352376,11820,1.12,13664747,70.83
CAN,2020-11-26,357926,11902,1.12,13765816,70.83
CAN,2020-11-27,363884,11988,1.12,13883888,70.83
CAN,2020-11-28,369510,12056,1.12,14016273,70.83
CAN,2020-11-29,374880,12130,1.12,14149766,70.83
CAN,2020-11-30,382708,12239,1.12,14277692,70.83
CAN,2020-12-01,388543,12317,1.11,14381174,70.83
CAN,2020-12-02,395028,12423,1.11,14473250,70.83
CAN,2020-12-03,401325,12513,1.1,14591325,70.83
CAN,2020-12-04,408165,12616,1.1,14719207,70.83
CAN,2020-12-05,414131,12690,1.09,14852779,70.83
CAN,2020-12-06,420281,12775,1.09,14985423,70.83
CAN,2020-12-07,428054,12896,1.08,15122337,70.83
CAN,2020-12-08,434320,12993,1.07,15230658,70.83
CAN,2020-12-09,440737,13109,1.07,15328313,70.83
CAN,2020-12-10,447341,13227,1.06,15449032,70.83
CAN,2020-12-11,454254,13355,1.06,15584772,70.83
CAN,2020-12-12,460332,13453,1.06,15728238,70.83
CAN,2020-12-13,466016,13537,1.05,15877256,70.83
CAN,2020-12-14,474661,13677,1.05,16008664,70.83
CAN,2020-12-15,480952,13793,1.04,16132400,70.83
CAN,2020-12-16,487685,13911,1.04,16229379,70.83
CAN,2020-12-17,495152,14067,1.04,16356624,70.83
CAN,2020-12-18,502197,14180,1.03,16493272,70.83
CAN,2020-12-19,508674,14284,1.02,16640503,70.83
CAN,2020-12-20,514500,14374,1.02,16783349,70.83
CAN,2020-12-21,522076,14481,1.01,16922977,70.83
CAN,2020-12-22,528307,14607,1.01,17037732,70.83
CAN,2020-12-23,535204,14752,1,17140068,70.83
CAN,2020-12-24,541936,14902,1,17269154,70.83
CAN,2020-12-25,545983,14966,1,17405025,70.83
CAN,2020-12-26,551184,15051,1.01,17533075,70.83
CAN,2020-12-27,556649,15171,1.02,17632876,70.83
CAN,2020-12-28,563156,15328,1.04,17708419,70.83
CAN,2020-12-29,571823,15528,1.05,17786792,70.83
CAN,2020-12-30,580573,15650,1.06,17864192,70.83
CAN,2020-12-31,587429,15762,1.06,17965095,70.83
CAN,2021-01-01,591149,15806,1.06,18097623,70.83
CAN,2021-01-02,598091,15914,1.07,18229970,70.83
CAN,2021-01-03,608734,16006,1.09,18342575,70.83
CAN,2021-01-04,618801,16247,1.08,18430711,70.83
CAN,2021-01-05,626129,16389,1.07,18514140,70.83
CAN,2021-01-06,634437,16539,1.06,18597612,73.61
CAN,2021-01-07,642978,16704,1.04,18716320,73.61
CAN,2021-01-08,652373,16846,1.03,18851810,73.61
CAN,2021-01-09,659647,16984,1.01,18998073,75.46
CAN,2021-01-10,666375,17074,0.99,19139670,75.46
CAN,2021-01-11,674624,17199,0.97,19260709,75.46
CAN,2021-01-12,681015,17359,0.96,19355884,75.46
CAN,2021-01-13,688097,17539,0.94,19449427,75.46
CAN,2021-01-14,695359,17686,0.93,19569464,75.46
CAN,2021-01-15,702203,17856,0.92,19713708,75.46
CAN,2021-01-16,708263,17978,0.91,19860051,75.46
CAN,2021-01-17,714316,18106,0.89,20001761,75.46
CAN,2021-01-18,720440,18231,0.88,20122360,75.46
CAN,2021-01-19,725599,18382,0.87,20205977,75.46
CAN,2021-01-20,731371,18567,0.87,20285433,75.46
CAN,2021-01-21,737654,18706,0.86,20407889,75.46
CAN,2021-01-22,743384,18887,0.85,20546199,75.46
CAN,2021-01-23,748123,18992,0.85,20688427,75.46
CAN,2021-01-24,752510,19119,0.84,20817447,75.46
CAN,2021-01-25,758142,19245,0.83,20924370,75.46
CAN,2021-01-26,762368,19392,0.83,21001832,75.46
CAN,2021-01-27,766633,19485,0.83,21078482,75.46
CAN,2021-01-28,771358,19676,0.83,21201895,75.46
CAN,2021-01-29,776171,19825,0.83,21334846,75.46
CAN,2021-01-30,780147,19958,0.82,21471772,75.46
CAN,2021-01-31,783735,20041,0.82,21593178,75.46
CAN,2021-02-01,788323,20145,0.82,21695238,75.46
CAN,2021-02-02,791385,20242,0.82,21765562,75.46
CAN,2021-02-03,794681,20361,0.82,21837984,75.46
CAN,2021-02-04,798650,20486,0.82,21947836,75.46
CAN,2021-02-05,802904,20607,0.83,22072745,75.46
CAN,2021-02-06,806010,20700,0.83,22196761,75.46
CAN,2021-02-07,808973,20760,0.83,22318959,75.46
CAN,2021-02-08,812700,20830,0.83,22418263,75.46
CAN,2021-02-09,815526,20914,0.84,22484611,75.46
CAN,2021-02-10,818967,21007,0.84,22557097,75.46
CAN,2021-02-11,822038,21089,0.84,22671229,75.46
CAN,2021-02-12,824754,21168,0.85,22800850,75.46
CAN,2021-02-13,828335,21238,0.86,22922404,75.46
CAN,2021-02-14,830352,21261,0.87,23040160,75.46
CAN,2021-02-15,832058,21298,0.87,23138775,75.46
CAN,2021-02-16,836455,21395,0.9,23209222,75.46
CAN,2021-02-17,838998,21439,0.9,23277743,75.46
CAN,2021-02-18,842393,21509,0.92,23366022,75.46
CAN,2021-02-19,845454,21581,0.92,23486748,75.46
CAN,2021-02-20,848060,21631,0.93,23616086,75.46
CAN,2021-02-21,850617,21675,0.94,23728396,75.46
CAN,2021-02-22,853901,21724,0.95,23823141,75.46
CAN,2021-02-23,857206,21763,0.95,23892820,75.46
CAN,2021-02-24,860200,21810,0.96,23961860,75.46
CAN,2021-02-25,863301,21868,0.96,24077706,75.46
CAN,2021-02-26,866528,21916,0.97,24205430,75.46
CAN,2021-02-27,869058,21961,0.97,24328417,75.46
CAN,2021-02-28,871243,21995,0.97,24444017,75.46
CAN,2021-03-01,874909,22018,0.98,24545470,75.46
CAN,2021-03-02,877747,22046,0.98,24621134,75.46
CAN,2021-03-03,880487,22106,0.99,24698266,75.46
CAN,2021-03-04,883619,22152,1,24813290,75.46
CAN,2021-03-05,886492,22193,1.01,24939113,75.46
CAN,2021-03-06,889255,22214,1.02,25067769,75.46
CAN,2021-03-07,891807,22240,1.03,25180543,75.46
CAN,2021-03-08,895889,22277,1.04,25277398,75.46
CAN,2021-03-09,898963,22305,1.04,25353457,75.46
CAN,2021-03-10,901948,22336,1.04,25430035,75.46
CAN,2021-03-11,905071,22372,1.05,25543898,75.46
CAN,2021-03-12,908645,22405,1.06,25664264,75.46
CAN,2021-03-13,911560,22435,1.07,25787862,71.76
CAN,2021-03-14,914204,22464,1.07,25901412,71.76
CAN,2021-03-15,917994,22496,1.08,25996238,71.76
CAN,2021-03-16,921011,22520,1.09,26068778,71.76
CAN,2021-03-17,924444,22555,1.1,26141455,71.76
CAN,2021-03-18,928117,22591,1.12,26250640,71.76
CAN,2021-03-19,932391,22618,1.13,26371705,71.76
CAN,2021-03-20,935714,22644,1.14,26492049,71.76
CAN,2021-03-21,938856,22677,1.15,26592828,71.76
CAN,2021-03-22,943715,22717,1.16,26704383,71.76
CAN,2021-03-23,947393,22736,1.17,26778301,71.76
CAN,2021-03-24,951589,22760,1.18,26858481,71.76
CAN,2021-03-25,956755,22791,1.2,26977663,71.76
CAN,2021-03-26,961839,22827,1.21,27110501,71.76
CAN,2021-03-27,966076,22853,1.21,27233666,71.76
CAN,2021-03-28,970166,22881,1.22,27357887,71.76
CAN,2021-03-29,976479,22901,1.23,27466380,71.76
CAN,2021-03-30,980365,22927,1.23,27550308,71.76
CAN,2021-03-31,989493,22960,1.25,27644520,71.76
CAN,2021-04-01,995249,23003,1.24,27772855,75.46
CAN,2021-04-02,998882,23032,1.24,27912267,75.46
CAN,2021-04-03,1005978,23051,1.25,28046932,75.46
CAN,2021-04-04,1009472,23075,1.25,28175556,75.46
CAN,2021-04-05,1017761,23096,1.26,28278838,75.46
CAN,2021-04-06,1028626,23142,1.27,28364201,75.46
CAN,2021-04-07,1036386,23174,1.26,28454447,75.46
CAN,2021-04-08,1044733,23212,1.24,28578085,75.46
CAN,2021-04-09,1053999,23252,1.23,28725342,75.46
CAN,2021-04-10,1061369,23288,1.21,28876246,75.46
CAN,2021-04-11,1069041,23316,1.2,29017883,75.46
CAN,2021-04-12,1079582,23357,1.18,29147591,75.46
CAN,2021-04-13,1087048,23393,1.16,29257856,75.46
CAN,2021-04-14,1096000,23446,1.14,29364607,75.46
CAN,2021-04-15,1105778,23501,1.13,29498439,75.46
CAN,2021-04-16,1115036,23542,1.11,29658759,75.46
CAN,2021-04-17,1122116,23590,1.09,29810138,75.46
CAN,2021-04-18,1130006,23624,1.08,29950139,75.46
CAN,2021-04-19,1140322,23668,1.06,30073460,75.46
CAN,2021-04-20,1147636,23714,1.05,30175632,75.46
CAN,2021-04-21,1155855,23764,1.04,30281436,75.46
CAN,2021-04-22,1164756,23823,1.03,30418457,75.46
CAN,2021-04-23,1173220,23884,1.02,30559306,75.46
CAN,2021-04-24,1180681,23928,1.01,30705297,75.46
CAN,2021-04-25,1187484,23966,1,30840738,75.46
CAN,2021-04-26,1196400,24025,0.99,30960379,75.46
CAN,2021-04-27,1203429,24066,0.99,31064387,75.46
CAN,2021-04-28,1211651,24118,0.98,31173221,75.46
CAN,2021-04-29,1220914,24170,0.98,31325175,75.46
CAN,2021-04-30,1229305,24220,0.97,31479292,75.46
CAN,2021-05-01,1235669,24262,0.97,31629802,75.46
CAN,2021-05-02,1241406,24301,0.96,31756698,75.46
CAN,2021-05-03,1252391,24343,0.96,31897888,75.46
CAN,2021-05-04,1259137,24400,0.95,32009489,75.46
CAN,2021-05-05,1266916,24451,0.93,32127668,75.46
CAN,2021-05-06,1275006,24490,0.92,32266260,75.46
CAN,2021-05-07,1282734,24530,0.91,32408919,75.46
CAN,2021-05-08,1288676,24569,0.9,32549753,75.46
CAN,2021-05-09,1294120,24627,0.89,32656754,75.46
CAN,2021-05-10,1302993,24683,0.88,32746783,75.46
CAN,2021-05-11,1308541,24715,0.86,32867352,75.46
CAN,2021-05-12,1315211,24769,0.85,33001128,75.46
CAN,2021-05-13,1321104,24826,0.84,33130218,75.46
CAN,2021-05-14,1327839,24870,0.83,33260624,75.46
CAN,2021-05-15,1332229,24909,0.81,33383698,75.46
CAN,2021-05-16,1336374,24949,0.8,33482165,75.46
CAN,2021-05-17,1342824,24983,0.79,33592273,75.46
CAN,2021-05-18,1346736,25019,0.77,33668274,75.46
CAN,2021-05-19,1351766,25067,0.76,33754111,75.46
CAN,2021-05-20,1356616,25112,0.75,33863629,75.46
CAN,2021-05-21,1360950,25163,0.74,33979043,75.46
CAN,2021-05-22,1364195,25204,0.73,34083113,75.46
CAN,2021-05-23,1367023,25232,0.71,34156885,75.46
CAN,2021-05-24,1368739,25262,0.7,34218813,75.46
CAN,2021-05-25,1372492,25325,0.71,34315351,75.46
CAN,2021-05-26,1374976,25362,0.71,34372343,75.46
CAN,2021-05-27,1379674,25412,0.71,34449561,75.46
CAN,2021-05-28,1382769,25441,0.7,34550157,75.46
CAN,2021-05-29,1384928,25479,0.69,34650354,73.61
CAN,2021-05-30,1386871,25513,0.68,34717353,73.61
CAN,2021-05-31,1389814,25548,0.68,34790069,73.61
CAN,2021-06-01,1391540,25567,0.67,34862859,73.61
CAN,2021-06-02,1393732,25613,0.66,34927927,73.61
CAN,2021-06-03,1395909,25645,0.66,35017704,73.61
CAN,2021-06-04,1397898,25680,0.66,35104681,73.61
CAN,2021-06-05,1399231,25713,0.65,35162931,73.61
CAN,2021-06-06,1400580,25725,0.65,35171179,73.61
CAN,2021-06-07,1402369,25762,0.65,35317305,73.61
CAN,2021-06-08,1403490,25792,0.65,35364353,73.61
CAN,2021-06-09,1404927,25844,0.65,35422973,73.61
CAN,2021-06-10,1406417,25874,0.65,35504029,73.61
CAN,2021-06-11,1407798,25887,0.66,35581916,73.61
CAN,2021-06-12,1408935,25915,0.66,35639265,73.61
CAN,2021-06-13,1409909,25932,0.66,35647517,73.61
CAN,2021-06-14,1411228,25946,0.66,35785462,73.61
CAN,2021-06-15,1412121,25973,0.66,35830746,73.61
CAN,2021-06-16,1413203,26002,0.66,35889917,73.61
CAN,2021-06-17,1414304,26013,0.66,35974549,73.61
CAN,2021-06-18,1415272,26024,0.66,36052705,73.61
CAN,2021-06-19,1416009,26055,0.67,36104847,73.61
CAN,2021-06-20,1416589,26077,0.67,36111298,73.61
CAN,2021-06-21,1417625,26103,0.67,36243642,73.61
CAN,2021-06-22,1418135,26156,0.67,36287490,73.61
CAN,2021-06-23,1418853,26176,0.67,36344745,73.61
CAN,2021-06-24,1419569,26193,0.68,36415725,73.61
CAN,2021-06-25,1420191,26198,0.69,36484663,69.91
CAN,2021-06-26,1420724,26215,0.7,36527044,69.91
CAN,2021-06-27,1421122,26228,0.71,36533130,69.91
CAN,2021-06-28,1422053,26239,0.71,36643986,69.91
CAN,2021-06-29,1422618,26275,0.72,36705571,69.91
CAN,2021-06-30,1423170,26296,0.72,36768392,69.91
CAN,2021-07-01,1423321,26315,0.73,36834559,69.91
CAN,2021-07-02,1424160,26339,0.75,36897574,69.91
CAN,2021-07-03,1424502,26349,0.77,36942317,69.91
CAN,2021-07-04,1424784,26361,0.78,36946410,69.91
CAN,2021-07-05,1425594,26369,0.79,37043785,69.91
CAN,2021-07-06,1425884,26382,0.79,37086569,69.91
CAN,2021-07-07,1426435,26388,0.81,37148758,69.91
CAN,2021-07-08,1427027,26406,0.82,37215006,69.91
CAN,2021-07-09,1427582,26420,0.83,37279413,69.91
CAN,2021-07-10,1427899,26429,0.84,37328076,69.91
CAN,2021-07-11,1428162,26437,0.84,37332815,69.91
CAN,2021-07-12,1428689,26440,0.84,37454055,69.91
CAN,2021-07-13,1429029,26451,0.86,37564476,69.91
CAN,2021-07-14,1429369,26459,0.87,37613760,69.91
CAN,2021-07-15,1429747,26473,0.9,37679387,69.91
CAN,2021-07-16,1430127,26490,0.93,37747547,60.65
CAN,2021-07-17,1430437,26494,0.96,37794221,60.65
CAN,2021-07-18,1430740,26501,0.99,37798244,60.65
CAN,2021-07-19,1431378,26505,1.01,37907486,60.65
CAN,2021-07-20,1431691,26509,1.04,37947701,60.65
CAN,2021-07-21,1432208,26513,1.08,37994540,60.65
CAN,2021-07-22,1432606,26527,1.11,38054565,60.65
CAN,2021-07-23,1433200,26540,1.15,38111273,60.65
CAN,2021-07-24,1433525,26545,1.19,38147318,60.65
CAN,2021-07-25,1433792,26549,1.23,38151412,60.65
CAN,2021-07-26,1434866,26554,1.26,38267346,60.65
CAN,2021-07-27,1435403,26561,1.28,38306209,60.65
CAN,2021-07-28,1436199,26571,1.31,38351116,60.65
CAN,2021-07-29,1437111,26577,1.34,38409370,60.65
CAN,2021-07-30,1438021,26593,1.35,38466868,60.65
CAN,2021-07-31,1438457,26599,1.36,38529118,60.65
CAN,2021-08-01,1438817,26601,1.38,38577856,60.65
CAN,2021-08-02,1439032,26602,1.41,38617593,60.65
CAN,2021-08-03,1441275,26608,1.48,38652288,56.94
CAN,2021-08-04,1442255,26619,1.49,38713636,56.94
CAN,2021-08-05,1443778,26638,1.5,38767873,56.94
CAN,2021-08-06,1445330,26655,1.5,38835904,60.65
CAN,2021-08-07,1445915,26664,1.49,38888507,60.65
CAN,2021-08-08,1446497,26670,1.5,38893417,60.65
CAN,2021-08-09,1449706,26679,1.5,39024434,60.65
CAN,2021-08-10,1451040,26684,1.48,39070051,60.65
CAN,2021-08-11,1453000,26689,1.47,39125185,60.65
CAN,2021-08-12,1455141,26693,1.46,39199157,60.65
CAN,2021-08-13,1457458,26699,1.44,39271289,60.65
CAN,2021-08-14,1458326,26702,1.43,39325874,60.65
CAN,2021-08-15,1459070,26701,1.42,39330648,60.65
CAN,2021-08-16,1463616,26705,1.42,39453066,60.65
CAN,2021-08-17,1465478,26720,1.39,39519480,60.65
CAN,2021-08-18,1467834,26762,1.38,39577444,60.65
CAN,2021-08-19,1470803,26784,1.37,39653674,60.65
CAN,2021-08-20,1473801,26790,1.35,39731231,60.65
CAN,2021-08-21,1474854,26791,1.34,39810642,60.65
CAN,2021-08-22,1476010,26793,1.33,39875242,60.65
CAN,2021-08-23,1481438,26815,1.32,39932569,60.65
CAN,2021-08-24,1483660,26849,1.31,40004893,60.65
CAN,2021-08-25,1487197,26919,1.3,40067104,64.35
CAN,2021-08-26,1490617,26929,1.29,40150588,69.91
CAN,2021-08-27,1494397,26946,1.28,40235533,69.91
CAN,2021-08-28,1495859,26953,1.27,40325147,69.91
CAN,2021-08-29,1497283,26954,1.26,40405800,69.91
CAN,2021-08-30,1504157,26972,1.26,40476190,69.91
CAN,2021-08-31,1507092,26989,1.23,40539628,69.91
CAN,2021-09-01,1511046,27020,1.23,40605632,69.91
CAN,2021-09-02,1515042,27045,1.22,40693199,71.76
CAN,2021-09-03,1519248,27061,1.21,40781599,71.76
CAN,2021-09-04,1520892,27069,1.2,40870304,71.76
CAN,2021-09-05,1522625,27072,1.19,40949451,71.76
CAN,2021-09-06,1523668,27073,1.19,41023323,71.76
CAN,2021-09-07,1533589,27122,1.23,41085040,68.98
CAN,2021-09-08,1537294,27164,1.22,41151117,68.98
CAN,2021-09-09,1541555,27190,1.2,41228302,66.2
CAN,2021-09-10,1546154,27230,1.19,41324700,66.2
CAN,2021-09-11,1547067,27235,1.19,41422407,66.2
CAN,2021-09-12,1549841,27247,1.19,41513340,66.2
CAN,2021-09-13,1559129,27289,1.18,41593358,66.2
CAN,2021-09-14,1563143,27315,1.15,41668860,69.91
CAN,2021-09-15,1567557,27356,1.14,41752512,69.91
CAN,2021-09-16,1572228,27377,1.13,41861477,69.91
CAN,2021-09-17,1577335,27421,1.13,41973569,69.91
CAN,2021-09-18,1579181,27434,1.12,42088413,68.06
CAN,2021-09-19,1581003,27445,1.11,42190807,68.06
CAN,2021-09-20,1589989,27487,1.11,42287266,68.06
CAN,2021-09-21,1593674,27539,1.09,42370518,68.06
CAN,2021-09-22,1597789,27590,,42461133,68.06
CAN,2021-09-23,1602413,27636,,42578032,68.06
CAN,2021-09-24,1606974,27677,,42704817,68.06
CAN,2021-09-25,1608019,27690,,42825153,
CAN,2021-09-26,1609156,27695,,42921513,
CAN,2021-09-27,1620537,27751,,43006019,
