iso_code,continent,location,d,total_cases,new_cases,new_cases_smoothed,total_deaths,new_deaths,new_deaths_smoothed,total_cases_per_million,new_cases_per_million,new_cases_smoothed_per_million,total_deaths_per_million,new_deaths_per_million,new_deaths_smoothed_per_million,reproduction_rate,icu_patients,icu_patients_per_million,hosp_patients,hosp_patients_per_million,weekly_icu_admissions,weekly_icu_admissions_per_million,weekly_hosp_admissions,weekly_hosp_admissions_per_million,new_tests,total_tests,total_tests_per_thousand,new_tests_per_thousand,new_tests_smoothed,new_tests_smoothed_per_thousand,positive_rate,tests_per_case,tests_units,total_vaccinations,people_vaccinated,people_fully_vaccinated,total_boosters,new_vaccinations,new_vaccinations_smoothed,total_vaccinations_per_hundred,people_vaccinated_per_hundred,people_fully_vaccinated_per_hundred,total_boosters_per_hundred,new_vaccinations_smoothed_per_million,stringency_index,population,population_density,median_age,aged_65_older,aged_70_older,gdp_per_capita,extreme_poverty,cardiovasc_death_rate,diabetes_prevalence,female_smokers,male_smokers,handwashing_facilities,hospital_beds_per_thousand,life_expectancy,human_development_index,excess_mortality_cumulative_absolute,excess_mortality_cumulative,excess_mortality,excess_mortality_cumulative_per_million
CAN,North America,Canada,2021-03-01,874909.0,3666.0,3001.143,22018.0,23.0,42.0,22982.846,96.302,78.837,578.387,0.604,1.103,0.98,602.0,15.814,2114.0,55.532,,,,,101453.0,24545470.0,644.781,2.665,103190.0,2.711,0.029,34.4,tests performed,1946200.0,1407961.0,538239.0,,59141.0,55441.0,5.11,3.7,1.41,,1456.0,75.46,38067913.0,4.037,41.4,16.984,10.797,44017.591,0.5,105.599,7.37,12.0,16.6,,2.5,82.43,0.929,,,,
CAN,North America,Canada,2021-03-02,877747.0,2838.0,2934.429,22046.0,28.0,40.429,23057.397,74.551,77.084,579.123,0.736,1.062,0.98,604.0,15.866,2166.0,56.898,,,,,75664.0,24621134.0,646.769,1.988,104045.0,2.733,0.028,35.5,tests performed,2018238.0,1470034.0,548204.0,,72038.0,58824.0,5.3,3.86,1.44,,1545.0,75.46,38067913.0,4.037,41.4,16.984,10.797,44017.591,0.5,105.599,7.37,12.0,16.6,,2.5,82.43,0.929,,,,
CAN,North America,Canada,2021-03-03,880487.0,2740.0,2898.143,22106.0,60.0,42.286,23129.374,71.977,76.131,580.699,1.576,1.111,0.99,586.0,15.394,2138.0,56.163,,,,,77132.0,24698266.0,648.795,2.026,105201.0,2.764,0.028,36.3,tests performed,2091700.0,1537273.0,554427.0,,73462.0,62734.0,5.49,4.04,1.46,,1648.0,75.46,38067913.0,4.037,41.4,16.984,10.797,44017.591,0.5,105.599,7.37,12.0,16.6,,2.5,82.43,0.929,,,,
CAN,North America,Canada,2021-03-04,883619.0,3132.0,2902.571,22152.0,46.0,40.571,23211.648,82.274,76.247,581.907,1.208,1.066,1.0,584.0,15.341,2111.0,55.454,,,,,115024.0,24813290.0,651.816,3.022,105083.0,2.76,0.028,36.2,tests performed,2169417.0,1610535.0,558882.0,,77717.0,65423.0,5.7,4.23,1.47,,1719.0,75.46,38067913.0,4.037,41.4,16.984,10.797,44017.591,0.5,105.599,7.37,12.0,16.6,,2.5,82.43,0.929,,,,
CAN,North America,Canada,2021-03-05,886492.0,2873.0,2852.0,22193.0,41.0,39.571,23287.118,75.47,74.919,582.984,1.077,1.039,1.01,582.0,15.288,2080.0,54.639,,,,,125823.0,24939113.0,655.122,3.305,104812.0,2.753,0.027,36.8,tests performed,2255174.0,1693203.0,561971.0,,85757.0,68067.0,5.92,4.45,1.48,,1788.0,75.46,38067913.0,4.037,41.4,16.984,10.797,44017.591,0.5,105.599,7.37,12.0,16.6,,2.5,82.43,0.929,,,,
CAN,North America,Canada,2021-03-06,889255.0,2763.0,2885.286,22214.0,21.0,36.143,23359.699,72.581,75.793,583.536,0.552,0.949,1.02,579.0,15.21,2031.0,53.352,,,,,128656.0,25067769.0,658.501,3.38,105622.0,2.775,0.027,36.6,tests performed,2329622.0,1765405.0,564217.0,,74448.0,69884.0,6.12,4.64,1.48,,1836.0,75.46,38067913.0,4.037,41.4,16.984,10.797,44017.591,0.5,105.599,7.37,12.0,16.6,,2.5,82.43,0.929,,,,
CAN,North America,Canada,2021-03-07,891807.0,2552.0,2937.714,22240.0,26.0,35.0,23426.737,67.038,77.17,584.219,0.683,0.919,1.03,572.0,15.026,2003.0,52.616,,,,,112774.0,25180543.0,661.464,2.962,105218.0,2.764,0.028,35.8,tests performed,2387189.0,1821470.0,565719.0,,57567.0,71447.0,6.27,4.78,1.49,,1877.0,75.46,38067913.0,4.037,41.4,16.984,10.797,44017.591,0.5,105.599,7.37,12.0,16.6,,2.5,82.43,0.929,,,-1.75,
CAN,North America,Canada,2021-03-08,895889.0,4082.0,2997.143,22277.0,37.0,37.0,23533.967,107.229,78.731,585.191,0.972,0.972,1.04,577.0,15.157,2022.0,53.116,,,,,96855.0,25277398.0,664.008,2.544,104561.0,2.747,0.029,34.9,tests performed,2473868.0,1898266.0,575602.0,,86679.0,75381.0,6.5,4.99,1.51,,1980.0,75.46,38067913.0,4.037,41.4,16.984,10.797,44017.591,0.5,105.599,7.37,12.0,16.6,,2.5,82.43,0.929,,,,
CAN,North America,Canada,2021-03-09,898963.0,3074.0,3030.857,22305.0,28.0,37.0,23614.717,80.75,79.617,585.927,0.736,0.972,1.04,594.0,15.604,2086.0,54.797,,,,,76059.0,25353457.0,666.006,1.998,104618.0,2.748,0.029,34.5,tests performed,2543253.0,1964221.0,579032.0,,69385.0,75002.0,6.68,5.16,1.52,,1970.0,75.46,38067913.0,4.037,41.4,16.984,10.797,44017.591,0.5,105.599,7.37,12.0,16.6,,2.5,82.43,0.929,,,,
CAN,North America,Canada,2021-03-10,901948.0,2985.0,3065.857,22336.0,31.0,32.857,23693.13,78.412,80.537,586.741,0.814,0.863,1.04,578.0,15.183,2066.0,54.271,,,,,76578.0,25430035.0,668.018,2.012,104538.0,2.746,0.029,34.1,tests performed,2621289.0,2037806.0,583483.0,,78036.0,75656.0,6.89,5.35,1.53,,1987.0,75.46,38067913.0,4.037,41.4,16.984,10.797,44017.591,0.5,105.599,7.37,12.0,16.6,,2.5,82.43,0.929,,,,
CAN,North America,Canada,2021-03-11,905071.0,3123.0,3064.571,22372.0,36.0,31.429,23775.167,82.038,80.503,587.687,0.946,0.826,1.05,580.0,15.236,2046.0,53.746,,,,,113863.0,25543898.0,671.009,2.991,104373.0,2.742,0.029,34.1,tests performed,2719317.0,2131666.0,587651.0,,98028.0,78557.0,7.14,5.6,1.54,,2064.0,75.46,38067913.0,4.037,41.4,16.984,10.797,44017.591,0.5,105.599,7.37,12.0,16.6,,2.5,82.43,0.929,,,,
CAN,North America,Canada,2021-03-12,908645.0,3574.0,3164.714,22405.0,33.0,30.286,23869.052,93.885,83.133,588.553,0.867,0.796,1.06,577.0,15.157,2026.0,53.221,,,,,120366.0,25664264.0,674.171,3.162,103593.0,2.721,0.031,32.7,tests performed,2830164.0,2239490.0,590674.0,,110847.0,82141.0,7.43,5.88,1.55,,2158.0,75.46,38067913.0,4.037,41.4,16.984,10.797,44017.591,0.5,105.599,7.37,12.0,16.6,,2.5,82.43,0.929,,,,
CAN,North America,Canada,2021-03-13,911560.0,2915.0,3186.429,22435.0,30.0,31.571,23945.626,76.574,83.704,589.341,0.788,0.829,1.07,571.0,15.0,2039.0,53.562,,,,,123598.0,25787862.0,677.417,3.247,102870.0,2.702,0.031,32.3,tests performed,2934007.0,2340676.0,593331.0,,103843.0,86341.0,7.71,6.15,1.56,,2268.0,71.76,38067913.0,4.037,41.4,16.984,10.797,44017.591,0.5,105.599,7.37,12.0,16.6,,2.5,82.43,0.929,,,,
CAN,North America,Canada,2021-03-14,914204.0,2644.0,3199.571,22464.0,29.0,32.0,24015.081,69.455,84.049,590.103,0.762,0.841,1.07,576.0,15.131,1935.0,50.83,,,,,113550.0,25901412.0,680.4,2.983,102981.0,2.705,0.031,32.2,tests performed,3026665.0,2431332.0,595333.0,,92658.0,91354.0,7.95,6.39,1.56,,2400.0,71.76,38067913.0,4.037,41.4,16.984,10.797,44017.591,0.5,105.599,7.37,12.0,16.6,,2.5,82.43,0.929,,,-5.18,
CAN,North America,Canada,2021-03-15,917994.0,3790.0,3157.857,22496.0,32.0,31.286,24114.64,99.559,82.953,590.944,0.841,0.822,1.08,600.0,15.761,2069.0,54.35,,,,,94826.0,25996238.0,682.891,2.491,102691.0,2.698,0.031,32.5,tests performed,3151305.0,2550387.0,600918.0,,124640.0,96777.0,8.28,6.7,1.58,,2542.0,71.76,38067913.0,4.037,41.4,16.984,10.797,44017.591,0.5,105.599,7.37,12.0,16.6,,2.5,82.43,0.929,,,,
CAN,North America,Canada,2021-03-16,921011.0,3017.0,3149.714,22520.0,24.0,30.714,24193.893,79.253,82.739,591.574,0.63,0.807,1.09,601.0,15.788,2128.0,55.9,,,,,72540.0,26068778.0,684.797,1.906,102189.0,2.684,0.031,32.4,tests performed,3271309.0,2666388.0,604921.0,,120004.0,104008.0,8.59,7.0,1.59,,2732.0,71.76,38067913.0,4.037,41.4,16.984,10.797,44017.591,0.5,105.599,7.37,12.0,16.6,,2.5,82.43,0.929,,,,
CAN,North America,Canada,2021-03-17,924444.0,3433.0,3213.714,22555.0,35.0,31.286,24284.074,90.181,84.421,592.494,0.919,0.822,1.1,622.0,16.339,2108.0,55.375,,,,,72677.0,26141455.0,686.706,1.909,101631.0,2.67,0.032,31.6,tests performed,3409996.0,2799925.0,610071.0,,138687.0,112672.0,8.96,7.36,1.6,,2960.0,71.76,38067913.0,4.037,41.4,16.984,10.797,44017.591,0.5,105.599,7.37,12.0,16.6,,2.5,82.43,0.929,,,,
CAN,North America,Canada,2021-03-18,928117.0,3673.0,3292.286,22591.0,36.0,31.286,24380.559,96.485,86.485,593.439,0.946,0.822,1.12,622.0,16.339,2085.0,54.771,,,,,109185.0,26250640.0,689.574,2.868,100963.0,2.652,0.033,30.7,tests performed,3566328.0,2950647.0,615681.0,,156332.0,121002.0,9.37,7.75,1.62,,3179.0,71.76,38067913.0,4.037,41.4,16.984,10.797,44017.591,0.5,105.599,7.37,12.0,16.6,,2.5,82.43,0.929,,,,
CAN,North America,Canada,2021-03-19,932391.0,4274.0,3392.286,22618.0,27.0,30.429,24492.832,112.273,89.111,594.149,0.709,0.799,1.13,627.0,16.471,2102.0,55.217,,,,,121065.0,26371705.0,692.754,3.18,101063.0,2.655,0.034,29.8,tests performed,3729312.0,3107711.0,621601.0,,162984.0,128450.0,9.8,8.16,1.63,,3374.0,71.76,38067913.0,4.037,41.4,16.984,10.797,44017.591,0.5,105.599,7.37,12.0,16.6,,2.5,82.43,0.929,,,,
CAN,North America,Canada,2021-03-20,935714.0,3323.0,3450.571,22644.0,26.0,29.857,24580.123,87.291,90.643,594.832,0.683,0.784,1.14,615.0,16.155,2112.0,55.48,,,,,120344.0,26492049.0,695.915,3.161,100598.0,2.643,0.034,29.2,tests performed,3862685.0,3236471.0,626214.0,,133373.0,132668.0,10.15,8.5,1.64,,3485.0,71.76,38067913.0,4.037,41.4,16.984,10.797,44017.591,0.5,105.599,7.37,12.0,16.6,,2.5,82.43,0.929,,,,
CAN,North America,Canada,2021-03-21,938856.0,3142.0,3521.714,22677.0,33.0,30.429,24662.66,82.537,92.511,595.699,0.867,0.799,1.15,626.0,16.444,2112.0,55.48,,,,,100779.0,26592828.0,698.563,2.647,98774.0,2.595,0.036,28.0,tests performed,3954285.0,3324329.0,629956.0,,91600.0,132517.0,10.39,8.73,1.65,,3481.0,71.76,38067913.0,4.037,41.4,16.984,10.797,44017.591,0.5,105.599,7.37,12.0,16.6,,2.5,82.43,0.929,,,-5.84,
CAN,North America,Canada,2021-03-22,943715.0,4859.0,3674.429,22717.0,40.0,31.571,24790.3,127.64,96.523,596.749,1.051,0.829,1.16,627.0,16.471,2193.0,57.608,,,,,111555.0,26704383.0,701.493,2.93,101164.0,2.657,0.036,27.5,tests performed,4100558.0,3467046.0,633512.0,,146273.0,135608.0,10.77,9.11,1.66,,3562.0,71.76,38067913.0,4.037,41.4,16.984,10.797,44017.591,0.5,105.599,7.37,12.0,16.6,,2.5,82.43,0.929,,,,
CAN,North America,Canada,2021-03-23,947393.0,3678.0,3768.857,22736.0,19.0,30.857,24886.917,96.617,99.004,597.248,0.499,0.811,1.17,658.0,17.285,2287.0,60.077,,,,,73918.0,26778301.0,703.435,1.942,101360.0,2.663,0.037,26.9,tests performed,4223272.0,3585845.0,637427.0,,122714.0,135995.0,11.09,9.42,1.67,,3572.0,71.76,38067913.0,4.037,41.4,16.984,10.797,44017.591,0.5,105.599,7.37,12.0,16.6,,2.5,82.43,0.929,,,,
CAN,North America,Canada,2021-03-24,951589.0,4196.0,3877.857,22760.0,24.0,29.286,24997.141,110.224,101.867,597.879,0.63,0.769,1.18,669.0,17.574,2278.0,59.84,,,,,80180.0,26858481.0,705.541,2.106,102432.0,2.691,0.038,26.4,tests performed,4393876.0,3751505.0,642371.0,,170604.0,140554.0,11.54,9.85,1.69,,3692.0,71.76,38067913.0,4.037,41.4,16.984,10.797,44017.591,0.5,105.599,7.37,12.0,16.6,,2.5,82.43,0.929,,,,
CAN,North America,Canada,2021-03-25,956755.0,5166.0,4091.143,22791.0,31.0,28.571,25132.846,135.705,107.47,598.693,0.814,0.751,1.2,663.0,17.416,2293.0,60.234,,,,,119182.0,26977663.0,708.672,3.131,103860.0,2.728,0.039,25.4,tests performed,4583950.0,3934959.0,648991.0,,190074.0,145375.0,12.04,10.34,1.7,,3819.0,71.76,38067913.0,4.037,41.4,16.984,10.797,44017.591,0.5,105.599,7.37,12.0,16.6,,2.5,82.43,0.929,,,,
CAN,North America,Canada,2021-03-26,961839.0,5084.0,4206.857,22827.0,36.0,29.857,25266.397,133.551,110.509,599.639,0.946,0.784,1.21,694.0,18.231,2273.0,59.709,,,,,132838.0,27110501.0,712.161,3.49,105542.0,2.772,0.04,25.1,tests performed,4800931.0,4143640.0,657291.0,,216981.0,153088.0,12.61,10.88,1.73,,4021.0,71.76,38067913.0,4.037,41.4,16.984,10.797,44017.591,0.5,105.599,7.37,12.0,16.6,,2.5,82.43,0.929,,,,
CAN,North America,Canada,2021-03-27,966076.0,4237.0,4337.429,22853.0,26.0,29.857,25377.698,111.301,113.939,600.322,0.683,0.784,1.21,700.0,18.388,2343.0,61.548,,,,,123165.0,27233666.0,715.397,3.235,105945.0,2.783,0.041,24.4,tests performed,4967497.0,4304842.0,662655.0,,166566.0,157830.0,13.05,11.31,1.74,,4146.0,71.76,38067913.0,4.037,41.4,16.984,10.797,44017.591,0.5,105.599,7.37,12.0,16.6,,2.5,82.43,0.929,,,,
CAN,North America,Canada,2021-03-28,970166.0,4090.0,4472.857,22881.0,28.0,29.143,25485.138,107.44,117.497,601.057,0.736,0.766,1.22,706.0,18.546,2269.0,59.604,,,,,124221.0,27357887.0,718.66,3.263,109294.0,2.871,0.041,24.4,tests performed,5113935.0,4447302.0,666633.0,,146438.0,165664.0,13.43,11.68,1.75,,4352.0,71.76,38067913.0,4.037,41.4,16.984,10.797,44017.591,0.5,105.599,7.37,12.0,16.6,,2.5,82.43,0.929,,,-3.91,
CAN,North America,Canada,2021-03-29,976479.0,6313.0,4680.571,22901.0,20.0,26.286,25650.973,165.835,122.953,601.583,0.525,0.69,1.23,726.0,19.071,2221.0,58.343,,,,,108493.0,27466380.0,721.51,2.85,108857.0,2.86,0.043,23.3,tests performed,5301234.0,4629020.0,672214.0,,187299.0,171525.0,13.93,12.16,1.77,,4506.0,71.76,38067913.0,4.037,41.4,16.984,10.797,44017.591,0.5,105.599,7.37,12.0,16.6,,2.5,82.43,0.929,,,,
CAN,North America,Canada,2021-03-30,980365.0,3886.0,4710.286,22927.0,26.0,27.286,25753.053,102.081,123.734,602.266,0.683,0.717,1.23,728.0,19.124,2506.0,65.83,,,,,83928.0,27550308.0,723.715,2.205,110287.0,2.897,0.043,23.4,tests performed,5470884.0,4791415.0,679469.0,,169650.0,178230.0,14.37,12.59,1.78,,4682.0,71.76,38067913.0,4.037,41.4,16.984,10.797,44017.591,0.5,105.599,7.37,12.0,16.6,,2.5,82.43,0.929,,,,
CAN,North America,Canada,2021-03-31,989493.0,9128.0,5414.857,22960.0,33.0,28.571,25992.835,239.782,142.242,603.133,0.867,0.751,1.25,740.0,19.439,2516.0,66.092,,,,,94212.0,27644520.0,726.19,2.475,112291.0,2.95,0.048,20.7,tests performed,5690380.0,5004406.0,685974.0,,219496.0,185215.0,14.95,13.15,1.8,,4865.0,71.76,38067913.0,4.037,41.4,16.984,10.797,44017.591,0.5,105.599,7.37,12.0,16.6,,2.5,82.43,0.929,,,,
CAN,North America,Canada,2021-04-01,995249.0,5756.0,5499.143,23003.0,43.0,30.286,26144.039,151.203,144.456,604.262,1.13,0.796,1.24,757.0,19.886,2537.0,66.644,,,,,128335.0,27772855.0,729.561,3.371,113599.0,2.984,0.048,20.7,tests performed,5896845.0,5200717.0,696128.0,,206465.0,187556.0,15.49,13.66,1.83,,4927.0,75.46,38067913.0,4.037,41.4,16.984,10.797,44017.591,0.5,105.599,7.37,12.0,16.6,,2.5,82.43,0.929,,,,
CAN,North America,Canada,2021-04-02,998882.0,3633.0,5291.857,23032.0,29.0,29.286,26239.474,95.435,139.011,605.024,0.762,0.769,1.24,766.0,20.122,2605.0,68.43,,,,,139412.0,27912267.0,733.223,3.662,114538.0,3.009,0.046,21.6,tests performed,6057090.0,5356913.0,700177.0,,160245.0,179451.0,15.91,14.07,1.84,,4714.0,75.46,38067913.0,4.037,41.4,16.984,10.797,44017.591,0.5,105.599,7.37,12.0,16.6,,2.5,82.43,0.929,,,,
CAN,North America,Canada,2021-04-03,1005978.0,7096.0,5700.286,23051.0,19.0,28.286,26425.877,186.404,149.74,605.523,0.499,0.743,1.25,801.0,21.041,2231.0,58.606,,,,,134665.0,28046932.0,736.76,3.537,116181.0,3.052,0.049,20.4,tests performed,6258003.0,5553604.0,704399.0,,200913.0,184358.0,16.44,14.59,1.85,,4843.0,75.46,38067913.0,4.037,41.4,16.984,10.797,44017.591,0.5,105.599,7.37,12.0,16.6,,2.5,82.43,0.929,,,,
CAN,North America,Canada,2021-04-04,1009472.0,3494.0,5615.143,23075.0,24.0,27.714,26517.661,91.783,147.503,606.154,0.63,0.728,1.25,833.0,21.882,2253.0,59.184,,,,,128624.0,28175556.0,740.139,3.379,116810.0,3.068,0.048,20.8,tests performed,6372110.0,5667707.0,704403.0,,114107.0,179739.0,16.74,14.89,1.85,,4722.0,75.46,38067913.0,4.037,41.4,16.984,10.797,44017.591,0.5,105.599,7.37,12.0,16.6,,2.5,82.43,0.929,,,-3.69,
CAN,North America,Canada,2021-04-05,1017761.0,8289.0,5897.429,23096.0,21.0,27.857,26735.403,217.742,154.919,606.705,0.552,0.732,1.26,873.0,22.933,2426.0,63.728,,,,,103282.0,28278838.0,742.852,2.713,116065.0,3.049,0.051,19.7,tests performed,6555389.0,5836927.0,718462.0,,183279.0,179165.0,17.22,15.33,1.89,,4706.0,75.46,38067913.0,4.037,41.4,16.984,10.797,44017.591,0.5,105.599,7.37,12.0,16.6,,2.5,82.43,0.929,,,,
CAN,North America,Canada,2021-04-06,1028626.0,10865.0,6894.429,23142.0,46.0,30.714,27020.814,285.411,181.109,607.914,1.208,0.807,1.27,879.0,23.09,2692.0,70.716,,,,,85363.0,28364201.0,745.095,2.242,116270.0,3.054,0.059,16.9,tests performed,6758617.0,6027659.0,730958.0,,203228.0,183962.0,17.75,15.83,1.92,,4832.0,75.46,38067913.0,4.037,41.4,16.984,10.797,44017.591,0.5,105.599,7.37,12.0,16.6,,2.5,82.43,0.929,,,,
CAN,North America,Canada,2021-04-07,1036386.0,7760.0,6699.0,23174.0,32.0,30.571,27224.66,203.846,175.975,608.754,0.841,0.803,1.26,897.0,23.563,2963.0,77.835,,,,,90246.0,28454447.0,747.465,2.371,115704.0,3.039,0.058,17.3,tests performed,6990144.0,6243477.0,746667.0,,231527.0,185681.0,18.36,16.4,1.96,,4878.0,75.46,38067913.0,4.037,41.4,16.984,10.797,44017.591,0.5,105.599,7.37,12.0,16.6,,2.5,82.43,0.929,,,,
CAN,North America,Canada,2021-04-08,1044733.0,8347.0,7069.143,23212.0,38.0,29.857,27443.926,219.266,185.698,609.752,0.998,0.784,1.24,928.0,24.377,3024.0,79.437,,,,,123638.0,28578085.0,750.713,3.248,115033.0,3.022,0.061,16.3,tests performed,7252560.0,6488833.0,763727.0,,262416.0,193674.0,19.05,17.05,2.01,,5088.0,75.46,38067913.0,4.037,41.4,16.984,10.797,44017.591,0.5,105.599,7.37,12.0,16.6,,2.5,82.43,0.929,,,,
CAN,North America,Canada,2021-04-09,1053999.0,9266.0,7873.857,23252.0,40.0,31.429,27687.333,243.407,206.837,610.803,1.051,0.826,1.23,962.0,25.271,3088.0,81.118,,,,,147257.0,28725342.0,754.581,3.868,116154.0,3.051,0.068,14.8,tests performed,7569321.0,6788921.0,780400.0,,316761.0,216033.0,19.88,17.83,2.05,,5675.0,75.46,38067913.0,4.037,41.4,16.984,10.797,44017.591,0.5,105.599,7.37,12.0,16.6,,2.5,82.43,0.929,,,,
CAN,North America,Canada,2021-04-10,1061369.0,7370.0,7913.0,23288.0,36.0,33.857,27880.935,193.601,207.865,611.749,0.946,0.889,1.21,1000.0,26.269,3141.0,82.51,,,,,150904.0,28876246.0,758.546,3.964,118473.0,3.112,0.067,15.0,tests performed,7814748.0,7020562.0,794186.0,,245427.0,222392.0,20.53,18.44,2.09,,5842.0,75.46,38067913.0,4.037,41.4,16.984,10.797,44017.591,0.5,105.599,7.37,12.0,16.6,,2.5,82.43,0.929,,,,
CAN,North America,Canada,2021-04-11,1069041.0,7672.0,8509.857,23316.0,28.0,34.429,28082.469,201.535,223.544,612.484,0.736,0.904,1.2,1026.0,26.952,3187.0,83.719,,,,,141637.0,29017883.0,762.266,3.721,120332.0,3.161,0.071,14.1,tests performed,7996122.0,7198857.0,797265.0,,181374.0,232002.0,21.0,18.91,2.09,,6094.0,75.46,38067913.0,4.037,41.4,16.984,10.797,44017.591,0.5,105.599,7.37,12.0,16.6,,2.5,82.43,0.929,,,-0.58,
CAN,North America,Canada,2021-04-12,1079582.0,10541.0,8831.571,23357.0,41.0,37.286,28359.369,276.9,231.995,613.561,1.077,0.979,1.18,1059.0,27.819,3388.0,88.999,,,,,129708.0,29147591.0,765.673,3.407,124108.0,3.26,0.071,14.1,tests performed,8330898.0,7515239.0,815659.0,,334776.0,253644.0,21.88,19.74,2.14,,6663.0,75.46,38067913.0,4.037,41.4,16.984,10.797,44017.591,0.5,105.599,7.37,12.0,16.6,,2.5,82.43,0.929,,,,
CAN,North America,Canada,2021-04-13,1087048.0,7466.0,8346.0,23393.0,36.0,35.857,28555.492,196.123,219.24,614.507,0.946,0.942,1.16,1067.0,28.029,3605.0,94.699,,,,,110265.0,29257856.0,768.57,2.897,127665.0,3.354,0.065,15.3,tests performed,8601331.0,7772264.0,829067.0,,270433.0,263245.0,22.59,20.42,2.18,,6915.0,75.46,38067913.0,4.037,41.4,16.984,10.797,44017.591,0.5,105.599,7.37,12.0,16.6,,2.5,82.43,0.929,,,,
CAN,North America,Canada,2021-04-14,1096000.0,8952.0,8516.286,23446.0,53.0,38.857,28790.651,235.159,223.713,615.899,1.392,1.021,1.14,1097.0,28.817,3721.0,97.746,,,,,106751.0,29364607.0,771.374,2.804,130023.0,3.416,0.065,15.3,tests performed,8898865.0,8058263.0,840602.0,,297534.0,272674.0,23.38,21.17,2.21,,7163.0,75.46,38067913.0,4.037,41.4,16.984,10.797,44017.591,0.5,105.599,7.37,12.0,16.6,,2.5,82.43,0.929,,,,
CAN,North America,Canada,2021-04-15,1105778.0,9778.0,8720.714,23501.0,55.0,41.286,29047.508,256.857,229.083,617.344,1.445,1.085,1.13,1117.0,29.342,3766.0,98.928,,,,,133832.0,29498439.0,774.89,3.516,131479.0,3.454,0.066,15.1,tests performed,9205307.0,8350721.0,854586.0,,306442.0,278964.0,24.18,21.94,2.24,,7328.0,75.46,38067913.0,4.037,41.4,16.984,10.797,44017.591,0.5,105.599,7.37,12.0,16.6,,2.5,82.43,0.929,,,,
CAN,North America,Canada,2021-04-16,1115036.0,9258.0,8719.571,23542.0,41.0,41.429,29290.705,243.197,229.053,618.421,1.077,1.088,1.11,1178.0,30.945,3811.0,100.111,,,,,160320.0,29658759.0,779.101,4.211,133345.0,3.503,0.065,15.3,tests performed,9525732.0,8641720.0,884012.0,,320425.0,279487.0,25.02,22.7,2.32,,7342.0,75.46,38067913.0,4.037,41.4,16.984,10.797,44017.591,0.5,105.599,7.37,12.0,16.6,,2.5,82.43,0.929,,,,
CAN,North America,Canada,2021-04-17,1122116.0,7080.0,8678.143,23590.0,48.0,43.143,29476.688,185.983,227.965,619.682,1.261,1.133,1.09,1213.0,31.864,3970.0,104.287,,,,,151379.0,29810138.0,783.078,3.977,133413.0,3.505,0.065,15.4,tests performed,9779909.0,8871849.0,908060.0,,254177.0,280737.0,25.69,23.31,2.39,,7375.0,75.46,38067913.0,4.037,41.4,16.984,10.797,44017.591,0.5,105.599,7.37,12.0,16.6,,2.5,82.43,0.929,,,,
CAN,North America,Canada,2021-04-18,1130006.0,7890.0,8709.286,23624.0,34.0,44.0,29683.949,207.261,228.783,620.575,0.893,1.156,1.08,1237.0,32.495,4010.0,105.338,,,,,140001.0,29950139.0,786.755,3.678,133179.0,3.498,0.065,15.3,tests performed,9980626.0,9067412.0,913214.0,,200717.0,283501.0,26.22,23.82,2.4,,7447.0,75.46,38067913.0,4.037,41.4,16.984,10.797,44017.591,0.5,105.599,7.37,12.0,16.6,,2.5,82.43,0.929,,,-0.32,
CAN,North America,Canada,2021-04-19,1140322.0,10316.0,8677.143,23668.0,44.0,44.429,29954.939,270.989,227.938,621.731,1.156,1.167,1.06,1262.0,33.151,4145.0,108.884,,,,,123321.0,30073460.0,789.995,3.239,132267.0,3.475,0.066,15.2,tests performed,10243418.0,9309934.0,933484.0,,262792.0,273217.0,26.91,24.46,2.45,,7177.0,75.46,38067913.0,4.037,41.4,16.984,10.797,44017.591,0.5,105.599,7.37,12.0,16.6,,2.5,82.43,0.929,,,,
CAN,North America,Canada,2021-04-20,1147636.0,7314.0,8655.429,23714.0,46.0,45.857,30147.069,192.13,227.368,622.939,1.208,1.205,1.05,1295.0,34.018,4337.0,113.928,,,,,102172.0,30175632.0,792.679,2.684,131111.0,3.444,0.066,15.1,tests performed,10481418.0,9536454.0,944964.0,,238000.0,268584.0,27.53,25.05,2.48,,7055.0,75.46,38067913.0,4.037,41.4,16.984,10.797,44017.591,0.5,105.599,7.37,12.0,16.6,,2.5,82.43,0.929,,,,
CAN,North America,Canada,2021-04-21,1155855.0,8219.0,8550.714,23764.0,50.0,45.429,30362.973,215.904,224.617,624.253,1.313,1.193,1.04,1325.0,34.806,4351.0,114.296,,,,,105804.0,30281436.0,795.458,2.779,130976.0,3.441,0.065,15.3,tests performed,10798150.0,9840205.0,957945.0,,316732.0,271326.0,28.37,25.85,2.52,,7127.0,75.46,38067913.0,4.037,41.4,16.984,10.797,44017.591,0.5,105.599,7.37,12.0,16.6,,2.5,82.43,0.929,,,,
CAN,North America,Canada,2021-04-22,1164756.0,8901.0,8425.429,23823.0,59.0,46.0,30596.792,233.819,221.326,625.803,1.55,1.208,1.03,1345.0,35.332,4422.0,116.161,,,,,137021.0,30418457.0,799.058,3.599,131431.0,3.453,0.064,15.6,tests performed,11158636.0,10184121.0,974515.0,,360486.0,279047.0,29.31,26.75,2.56,,7330.0,75.46,38067913.0,4.037,41.4,16.984,10.797,44017.591,0.5,105.599,7.37,12.0,16.6,,2.5,82.43,0.929,,,,
CAN,North America,Canada,2021-04-23,1173220.0,8464.0,8312.0,23884.0,61.0,48.857,30819.131,222.339,218.347,627.405,1.602,1.283,1.02,1367.0,35.91,4354.0,114.375,,,,,140849.0,30559306.0,802.758,3.7,128650.0,3.379,0.065,15.5,tests performed,11526938.0,10533458.0,993480.0,,368302.0,285887.0,30.28,27.67,2.61,,7510.0,75.46,38067913.0,4.037,41.4,16.984,10.797,44017.591,0.5,105.599,7.37,12.0,16.6,,2.5,82.43,0.929,,,,
CAN,North America,Canada,2021-04-24,1180681.0,7461.0,8366.429,23928.0,44.0,48.286,31015.123,195.992,219.776,628.561,1.156,1.268,1.01,1391.0,36.54,4350.0,114.269,,,,,145991.0,30705297.0,806.593,3.835,127880.0,3.359,0.065,15.3,tests performed,11813201.0,10804552.0,1008649.0,,286263.0,290470.0,31.03,28.38,2.65,,7630.0,75.46,38067913.0,4.037,41.4,16.984,10.797,44017.591,0.5,105.599,7.37,12.0,16.6,,2.5,82.43,0.929,,,,
CAN,North America,Canada,2021-04-25,1187484.0,6803.0,8211.143,23966.0,38.0,48.857,31193.83,178.707,215.697,629.559,0.998,1.283,1.0,1405.0,36.908,4200.0,110.329,,,,,135441.0,30840738.0,810.15,3.558,127228.0,3.342,0.065,15.5,tests performed,12045041.0,11026753.0,1018288.0,,231840.0,294916.0,31.64,28.97,2.67,,7747.0,75.46,38067913.0,4.037,41.4,16.984,10.797,44017.591,0.5,105.599,7.37,12.0,16.6,,2.5,82.43,0.929,,,0.32,
CAN,North America,Canada,2021-04-26,1196400.0,8916.0,8011.143,24025.0,59.0,51.0,31428.043,234.213,210.443,631.109,1.55,1.34,0.99,1434.0,37.67,4384.0,115.163,,,,,119641.0,30960379.0,813.293,3.143,126703.0,3.328,0.063,15.8,tests performed,12307785.0,11280635.0,1027150.0,,262744.0,294910.0,32.33,29.63,2.7,,7747.0,75.46,38067913.0,4.037,41.4,16.984,10.797,44017.591,0.5,105.599,7.37,12.0,16.6,,2.5,82.43,0.929,,,,
CAN,North America,Canada,2021-04-27,1203429.0,7029.0,7970.429,24066.0,41.0,50.286,31612.687,184.644,209.374,632.186,1.077,1.321,0.99,1436.0,37.722,4491.0,117.973,,,,,104008.0,31064387.0,816.025,2.732,126965.0,3.335,0.063,15.9,tests performed,12564325.0,11518249.0,1046076.0,,256540.0,297558.0,33.01,30.26,2.75,,7817.0,75.46,38067913.0,4.037,41.4,16.984,10.797,44017.591,0.5,105.599,7.37,12.0,16.6,,2.5,82.43,0.929,,,,
CAN,North America,Canada,2021-04-28,1211651.0,8222.0,7970.857,24118.0,52.0,50.571,31828.669,215.982,209.385,633.552,1.366,1.328,0.98,1431.0,37.591,4416.0,116.003,,,,,108834.0,31173221.0,818.884,2.859,127398.0,3.347,0.063,16.0,tests performed,12826266.0,11764830.0,1061436.0,,261941.0,289731.0,33.69,30.9,2.79,,7611.0,75.46,38067913.0,4.037,41.4,16.984,10.797,44017.591,0.5,105.599,7.37,12.0,16.6,,2.5,82.43,0.929,,,,
CAN,North America,Canada,2021-04-29,1220914.0,9263.0,8022.571,24170.0,52.0,49.571,32071.997,243.328,210.744,634.918,1.366,1.302,0.98,1463.0,38.431,4354.0,114.375,,,,,151954.0,31325175.0,822.876,3.992,129531.0,3.403,0.062,16.1,tests performed,13131871.0,12049818.0,1082053.0,,305605.0,281891.0,34.5,31.65,2.84,,7405.0,75.46,38067913.0,4.037,41.4,16.984,10.797,44017.591,0.5,105.599,7.37,12.0,16.6,,2.5,82.43,0.929,,,,
CAN,North America,Canada,2021-04-30,1229305.0,8391.0,8012.143,24220.0,50.0,48.0,32292.419,220.422,210.47,636.231,1.313,1.261,0.97,1456.0,38.247,4303.0,113.035,,,,,154117.0,31479292.0,826.925,4.048,131427.0,3.452,0.061,16.4,tests performed,13420198.0,12330084.0,1090114.0,,288327.0,270466.0,35.25,32.39,2.86,,7105.0,75.46,38067913.0,4.037,41.4,16.984,10.797,44017.591,0.5,105.599,7.37,12.0,16.6,,2.5,82.43,0.929,,,,
CAN,North America,Canada,2021-05-01,1235669.0,6364.0,7855.429,24262.0,42.0,47.714,32459.594,167.175,206.353,637.335,1.103,1.253,0.97,1469.0,38.589,4236.0,111.275,,,,,150510.0,31629802.0,830.878,3.954,132072.0,3.469,0.059,16.8,tests performed,13652375.0,12534545.0,1117830.0,,232177.0,262739.0,35.86,32.93,2.94,,6902.0,75.46,38067913.0,4.037,41.4,16.984,10.797,44017.591,0.5,105.599,7.37,12.0,16.6,,2.5,82.43,0.929,,,,
CAN,North America,Canada,2021-05-02,1241406.0,5737.0,7703.143,24301.0,39.0,47.857,32610.298,150.704,202.353,638.359,1.024,1.257,0.96,1468.0,38.563,4068.0,106.862,,,,,126896.0,31756698.0,834.212,3.333,130851.0,3.437,0.059,17.0,tests performed,13825476.0,12696698.0,1128778.0,,173101.0,254348.0,36.32,33.35,2.97,,6681.0,75.46,38067913.0,4.037,41.4,16.984,10.797,44017.591,0.5,105.599,7.37,12.0,16.6,,2.5,82.43,0.929,,,4.43,
CAN,North America,Canada,2021-05-03,1252391.0,10985.0,7998.714,24343.0,42.0,45.429,32898.862,288.563,210.117,639.462,1.103,1.193,0.96,1462.0,38.405,4045.0,106.257,,,,,141190.0,31897888.0,837.921,3.709,133930.0,3.518,0.06,16.7,tests performed,14051490.0,12914613.0,1136877.0,,226014.0,249101.0,36.91,33.93,2.99,,6544.0,75.46,38067913.0,4.037,41.4,16.984,10.797,44017.591,0.5,105.599,7.37,12.0,16.6,,2.5,82.43,0.929,,,,
CAN,North America,Canada,2021-05-04,1259137.0,6746.0,7958.286,24400.0,57.0,47.714,33076.071,177.21,209.055,640.96,1.497,1.253,0.95,1462.0,38.405,4311.0,113.245,,,,,111601.0,32009489.0,840.852,2.932,135015.0,3.547,0.059,17.0,tests performed,14284234.0,13128106.0,1156128.0,,232744.0,245701.0,37.52,34.49,3.04,,6454.0,75.46,38067913.0,4.037,41.4,16.984,10.797,44017.591,0.5,105.599,7.37,12.0,16.6,,2.5,82.43,0.929,,,,
CAN,North America,Canada,2021-05-05,1266916.0,7779.0,7895.0,24451.0,51.0,47.571,33280.417,204.345,207.393,642.299,1.34,1.25,0.93,1438.0,37.775,4213.0,110.671,,,,,118179.0,32127668.0,843.957,3.104,136350.0,3.582,0.058,17.3,tests performed,14568067.0,13394105.0,1173962.0,,283833.0,248829.0,38.27,35.18,3.08,,6536.0,75.46,38067913.0,4.037,41.4,16.984,10.797,44017.591,0.5,105.599,7.37,12.0,16.6,,2.5,82.43,0.929,,,,
CAN,North America,Canada,2021-05-06,1275006.0,8090.0,7727.429,24490.0,39.0,45.714,33492.931,212.515,202.991,643.324,1.024,1.201,0.92,1425.0,37.433,4066.0,106.809,,,,,138592.0,32266260.0,847.597,3.641,134441.0,3.532,0.057,17.4,tests performed,14924694.0,13728528.0,1196166.0,,356627.0,256118.0,39.21,36.06,3.14,,6728.0,75.46,38067913.0,4.037,41.4,16.984,10.797,44017.591,0.5,105.599,7.37,12.0,16.6,,2.5,82.43,0.929,,,,
CAN,North America,Canada,2021-05-07,1282734.0,7728.0,7632.714,24530.0,40.0,44.286,33695.937,203.006,200.503,644.375,1.051,1.163,0.91,1409.0,37.013,4035.0,105.995,,,,,142659.0,32408919.0,851.345,3.747,132804.0,3.489,0.057,17.4,tests performed,15325183.0,14104164.0,1221019.0,,400489.0,272141.0,40.26,37.05,3.21,,7149.0,75.46,38067913.0,4.037,41.4,16.984,10.797,44017.591,0.5,105.599,7.37,12.0,16.6,,2.5,82.43,0.929,,,,
CAN,North America,Canada,2021-05-08,1288676.0,5942.0,7572.429,24569.0,39.0,43.857,33852.027,156.089,198.919,645.399,1.024,1.152,0.9,1391.0,36.54,3913.0,102.79,,,,,140834.0,32549753.0,855.044,3.7,131422.0,3.452,0.058,17.4,tests performed,15652046.0,14411049.0,1240997.0,,326863.0,285667.0,41.12,37.86,3.26,,7504.0,75.46,38067913.0,4.037,41.4,16.984,10.797,44017.591,0.5,105.599,7.37,12.0,16.6,,2.5,82.43,0.929,,,,
CAN,North America,Canada,2021-05-09,1294120.0,5444.0,7530.571,24627.0,58.0,46.571,33995.034,143.008,197.819,646.923,1.524,1.223,0.89,1386.0,36.409,3720.0,97.72,,,,,107001.0,32656754.0,857.855,2.811,128579.0,3.378,0.059,17.1,tests performed,15923508.0,14674577.0,1248931.0,,271462.0,299719.0,41.83,38.55,3.28,,7873.0,75.46,38067913.0,4.037,41.4,16.984,10.797,44017.591,0.5,105.599,7.37,12.0,16.6,,2.5,82.43,0.929,,,2.46,
CAN,North America,Canada,2021-05-10,1302993.0,8873.0,7228.857,24683.0,56.0,48.571,34228.118,233.083,189.894,648.394,1.471,1.276,0.88,1368.0,35.936,3721.0,97.746,,,,,90029.0,32746783.0,860.22,2.365,121271.0,3.186,0.06,16.8,tests performed,16258155.0,14991030.0,1267125.0,,334647.0,315238.0,42.71,39.38,3.33,,8281.0,75.46,38067913.0,4.037,41.4,16.984,10.797,44017.591,0.5,105.599,7.37,12.0,16.6,,2.5,82.43,0.929,,,,
CAN,North America,Canada,2021-05-11,1308541.0,5548.0,7057.714,24715.0,32.0,45.0,34373.857,145.74,185.398,649.234,0.841,1.182,0.86,1345.0,35.332,3905.0,102.58,,,,,120569.0,32867352.0,863.387,3.167,122552.0,3.219,0.058,17.4,tests performed,16557932.0,15272541.0,1285391.0,,299777.0,324814.0,43.5,40.12,3.38,,8532.0,75.46,38067913.0,4.037,41.4,16.984,10.797,44017.591,0.5,105.599,7.37,12.0,16.6,,2.5,82.43,0.929,,,,
CAN,North America,Canada,2021-05-12,1315211.0,6670.0,6899.286,24769.0,54.0,45.429,34549.07,175.213,181.236,650.653,1.419,1.193,0.85,1329.0,34.911,3832.0,100.662,,,,,133776.0,33001128.0,866.901,3.514,124780.0,3.278,0.055,18.1,tests performed,16904709.0,15596419.0,1308290.0,,346777.0,333806.0,44.41,40.97,3.44,,8769.0,75.46,38067913.0,4.037,41.4,16.984,10.797,44017.591,0.5,105.599,7.37,12.0,16.6,,2.5,82.43,0.929,,,,
CAN,North America,Canada,2021-05-13,1321104.0,5893.0,6585.429,24826.0,57.0,48.0,34703.873,154.802,172.992,652.15,1.497,1.261,0.84,1330.0,34.938,3783.0,99.375,,,,,129090.0,33130218.0,870.292,3.391,123423.0,3.242,0.053,18.7,tests performed,17297879.0,15961692.0,1336187.0,,393170.0,339026.0,45.44,41.93,3.51,,8906.0,75.46,38067913.0,4.037,41.4,16.984,10.797,44017.591,0.5,105.599,7.37,12.0,16.6,,2.5,82.43,0.929,,,,
CAN,North America,Canada,2021-05-14,1327839.0,6735.0,6443.571,24870.0,44.0,48.571,34880.793,176.921,169.265,653.306,1.156,1.276,0.83,1343.0,35.279,3700.0,97.195,,,,,130406.0,33260624.0,873.718,3.426,121672.0,3.196,0.053,18.9,tests performed,17734322.0,16363943.0,1370379.0,,436443.0,344163.0,46.59,42.99,3.6,,9041.0,75.46,38067913.0,4.037,41.4,16.984,10.797,44017.591,0.5,105.599,7.37,12.0,16.6,,2.5,82.43,0.929,,,,
CAN,North America,Canada,2021-05-15,1332229.0,4390.0,6221.857,24909.0,39.0,48.571,34996.113,115.32,163.441,654.331,1.024,1.276,0.81,1346.0,35.358,3621.0,95.119,,,,,123074.0,33383698.0,876.951,3.233,119135.0,3.13,0.052,19.1,tests performed,18098814.0,16703298.0,1395516.0,,364492.0,349538.0,47.54,43.88,3.67,,9182.0,75.46,38067913.0,4.037,41.4,16.984,10.797,44017.591,0.5,105.599,7.37,12.0,16.6,,2.5,82.43,0.929,,,,
CAN,North America,Canada,2021-05-16,1336374.0,4145.0,6036.286,24949.0,40.0,46.0,35104.998,108.884,158.566,655.381,1.051,1.208,0.8,1350.0,35.463,3333.0,87.554,,,,,98467.0,33482165.0,879.538,2.587,117916.0,3.098,0.051,19.5,tests performed,18415880.0,17004917.0,1410963.0,,317066.0,356053.0,48.38,44.67,3.71,,9353.0,75.46,38067913.0,4.037,41.4,16.984,10.797,44017.591,0.5,105.599,7.37,12.0,16.6,,2.5,82.43,0.929,,,3.49,
CAN,North America,Canada,2021-05-17,1342824.0,6450.0,5690.143,24983.0,34.0,42.857,35274.432,169.434,149.473,656.274,0.893,1.126,0.79,1332.0,34.99,3362.0,88.316,,,,,110108.0,33592273.0,882.43,2.892,120784.0,3.173,0.047,21.2,tests performed,18805903.0,17381262.0,1424641.0,,390023.0,363964.0,49.4,45.66,3.74,,9561.0,75.46,38067913.0,4.037,41.4,16.984,10.797,44017.591,0.5,105.599,7.37,12.0,16.6,,2.5,82.43,0.929,,,,
CAN,North America,Canada,2021-05-18,1346736.0,3912.0,5456.429,25019.0,36.0,43.429,35377.195,102.764,143.334,657.22,0.946,1.141,0.77,1321.0,34.701,3552.0,93.307,,,,,76001.0,33668274.0,884.427,1.996,114417.0,3.006,0.048,21.0,tests performed,19088798.0,17638053.0,1450745.0,,282895.0,361552.0,50.14,46.33,3.81,,9498.0,75.46,38067913.0,4.037,41.4,16.984,10.797,44017.591,0.5,105.599,7.37,12.0,16.6,,2.5,82.43,0.929,,,,
CAN,North America,Canada,2021-05-19,1351766.0,5030.0,5222.143,25067.0,48.0,42.571,35509.328,132.132,137.18,658.481,1.261,1.118,0.76,1283.0,33.703,3432.0,90.155,,,,,85837.0,33754111.0,886.681,2.255,107569.0,2.826,0.049,20.6,tests performed,19444593.0,17958575.0,1486018.0,,355795.0,362841.0,51.08,47.18,3.9,,9531.0,75.46,38067913.0,4.037,41.4,16.984,10.797,44017.591,0.5,105.599,7.37,12.0,16.6,,2.5,82.43,0.929,,,,
CAN,North America,Canada,2021-05-20,1356616.0,4850.0,5073.143,25112.0,45.0,40.857,35636.732,127.404,133.266,659.663,1.182,1.073,0.75,1243.0,32.652,3301.0,86.713,,,,,109518.0,33863629.0,889.558,2.877,104773.0,2.752,0.048,20.7,tests performed,19841562.0,18312021.0,1529541.0,,396969.0,363383.0,52.12,48.1,4.02,,9546.0,75.46,38067913.0,4.037,41.4,16.984,10.797,44017.591,0.5,105.599,7.37,12.0,16.6,,2.5,82.43,0.929,,,,
CAN,North America,Canada,2021-05-21,1360950.0,4334.0,4730.143,25163.0,51.0,41.857,35750.581,113.849,124.255,661.003,1.34,1.1,0.74,1233.0,32.389,3182.0,83.587,,,,,115414.0,33979043.0,892.59,3.032,102631.0,2.696,0.046,21.7,tests performed,20329783.0,18748185.0,1581598.0,,488221.0,370780.0,53.4,49.25,4.15,,9740.0,75.46,38067913.0,4.037,41.4,16.984,10.797,44017.591,0.5,105.599,7.37,12.0,16.6,,2.5,82.43,0.929,,,,
CAN,North America,Canada,2021-05-22,1364195.0,3245.0,4566.571,25204.0,41.0,42.143,35835.823,85.242,119.959,662.08,1.077,1.107,0.73,1204.0,31.628,3070.0,80.645,,,,,104070.0,34083113.0,895.324,2.734,99916.0,2.625,0.046,21.9,tests performed,20718109.0,19088516.0,1629593.0,,388326.0,374185.0,54.42,50.14,4.28,,9829.0,75.46,38067913.0,4.037,41.4,16.984,10.797,44017.591,0.5,105.599,7.37,12.0,16.6,,2.5,82.43,0.929,,,,
CAN,North America,Canada,2021-05-23,1367023.0,2828.0,4378.429,25232.0,28.0,40.429,35910.111,74.288,115.016,662.815,0.736,1.062,0.71,1190.0,31.26,2888.0,75.864,,,,,73772.0,34156885.0,897.262,1.938,96389.0,2.532,0.045,22.0,tests performed,21026606.0,19372979.0,1653627.0,,308497.0,372961.0,55.23,50.89,4.34,,9797.0,75.46,38067913.0,4.037,41.4,16.984,10.797,44017.591,0.5,105.599,7.37,12.0,16.6,,2.5,82.43,0.929,,,5.32,
CAN,North America,Canada,2021-05-24,1368739.0,1716.0,3702.143,25262.0,30.0,39.857,35955.189,45.077,97.251,663.603,0.788,1.047,0.7,1171.0,30.761,2802.0,73.605,,,,,61928.0,34218813.0,898.889,1.627,89506.0,2.351,0.041,24.2,tests performed,21381544.0,19709001.0,1672543.0,,354938.0,367949.0,56.17,51.77,4.39,,9666.0,75.46,38067913.0,4.037,41.4,16.984,10.797,44017.591,0.5,105.599,7.37,12.0,16.6,,2.5,82.43,0.929,,,,
CAN,North America,Canada,2021-05-25,1372492.0,3753.0,3679.429,25325.0,63.0,43.714,36053.776,98.587,96.654,665.258,1.655,1.148,0.71,1174.0,30.84,2837.0,74.525,,,,,96538.0,34315351.0,901.425,2.536,92440.0,2.428,0.04,25.1,tests performed,21637723.0,19942129.0,1695594.0,,256179.0,364132.0,56.84,52.39,4.45,,9565.0,75.46,38067913.0,4.037,41.4,16.984,10.797,44017.591,0.5,105.599,7.37,12.0,16.6,,2.5,82.43,0.929,,,,
CAN,North America,Canada,2021-05-26,1374976.0,2484.0,3315.714,25362.0,37.0,42.143,36119.028,65.252,87.1,666.23,0.972,1.107,0.71,1149.0,30.183,2851.0,74.892,,,,,56992.0,34372343.0,902.922,1.497,88319.0,2.32,0.038,26.6,tests performed,21939046.0,20195328.0,1743718.0,,301323.0,356350.0,57.63,53.05,4.58,,9361.0,75.46,38067913.0,4.037,41.4,16.984,10.797,44017.591,0.5,105.599,7.37,12.0,16.6,,2.5,82.43,0.929,,,,
CAN,North America,Canada,2021-05-27,1379674.0,4698.0,3294.0,25412.0,50.0,42.857,36242.439,123.411,86.53,667.544,1.313,1.126,0.71,1108.0,29.106,2796.0,73.448,,,,,77218.0,34449561.0,904.95,2.028,83705.0,2.199,0.039,25.4,tests performed,22347313.0,20539206.0,1808107.0,,408267.0,357964.0,58.7,53.95,4.75,,9403.0,75.46,38067913.0,4.037,41.4,16.984,10.797,44017.591,0.5,105.599,7.37,12.0,16.6,,2.5,82.43,0.929,,,,
CAN,North America,Canada,2021-05-28,1382769.0,3095.0,3117.0,25441.0,29.0,39.714,36323.741,81.302,81.88,668.306,0.762,1.043,0.7,1078.0,28.318,2707.0,71.11,,,,,100596.0,34550157.0,907.593,2.643,81588.0,2.143,0.038,26.2,tests performed,22810709.0,20932071.0,1878638.0,,463396.0,354418.0,59.92,54.99,4.93,,9310.0,75.46,38067913.0,4.037,41.4,16.984,10.797,44017.591,0.5,105.599,7.37,12.0,16.6,,2.5,82.43,0.929,,,,
CAN,North America,Canada,2021-05-29,1384928.0,2159.0,2961.857,25479.0,38.0,39.286,36380.455,56.714,77.805,669.304,0.998,1.032,0.69,1050.0,27.582,2556.0,67.143,,,,,100197.0,34650354.0,910.225,2.632,81034.0,2.129,0.037,27.4,tests performed,23157029.0,21207890.0,1949139.0,,346320.0,348417.0,60.83,55.71,5.12,,9153.0,73.61,38067913.0,4.037,41.4,16.984,10.797,44017.591,0.5,105.599,7.37,12.0,16.6,,2.5,82.43,0.929,,,,
CAN,North America,Canada,2021-05-30,1386871.0,1943.0,2835.429,25513.0,34.0,40.143,36431.495,51.04,74.483,670.197,0.893,1.055,0.68,1040.0,27.32,2320.0,60.944,,,,,66999.0,34717353.0,911.985,1.76,80067.0,2.103,0.035,28.2,tests performed,23472216.0,21458697.0,2013519.0,,315187.0,349373.0,61.66,56.37,5.29,,9178.0,73.61,38067913.0,4.037,41.4,16.984,10.797,44017.591,0.5,105.599,7.37,12.0,16.6,,2.5,82.43,0.929,,,-2.14,
CAN,North America,Canada,2021-05-31,1389814.0,2943.0,3010.714,25548.0,35.0,40.857,36508.805,77.309,79.088,671.116,0.919,1.073,0.68,1032.0,27.109,2246.0,59.0,,,,,72716.0,34790069.0,913.895,1.91,81608.0,2.144,0.037,27.1,tests performed,23862397.0,21783824.0,2078573.0,,390181.0,354408.0,62.68,57.22,5.46,,9310.0,73.61,38067913.0,4.037,41.4,16.984,10.797,44017.591,0.5,105.599,7.37,12.0,16.6,,2.5,82.43,0.929,,,,
CAN,North America,Canada,2021-06-01,1391540.0,1726.0,2721.143,25567.0,19.0,34.571,36554.145,45.34,71.481,671.615,0.499,0.908,0.67,988.0,25.954,2308.0,60.628,,,,,72790.0,34862859.0,915.807,1.912,78215.0,2.055,0.035,28.7,tests performed,24169346.0,22007819.0,2161527.0,,306949.0,361660.0,63.49,57.81,5.68,,9500.0,73.61,38067913.0,4.037,41.4,16.984,10.797,44017.591,0.5,105.599,7.37,12.0,16.6,,2.5,82.43,0.929,,,,
CAN,North America,Canada,2021-06-02,1393732.0,2192.0,2679.429,25613.0,46.0,35.857,36611.726,57.581,70.385,672.824,1.208,0.942,0.66,953.0,25.034,2172.0,57.056,,,,,65068.0,34927927.0,917.516,1.709,79369.0,2.085,0.034,29.6,tests performed,24522064.0,22258278.0,2263786.0,,352718.0,369003.0,64.42,58.47,5.95,,9693.0,73.61,38067913.0,4.037,41.4,16.984,10.797,44017.591,0.5,105.599,7.37,12.0,16.6,,2.5,82.43,0.929,,,,
CAN,North America,Canada,2021-06-03,1395909.0,2177.0,2319.286,25645.0,32.0,33.286,36668.913,57.187,60.925,673.664,0.841,0.874,0.66,898.0,23.589,2107.0,55.348,,,,,89777.0,35017704.0,919.875,2.358,81163.0,2.132,0.029,35.0,tests performed,24933524.0,22530589.0,2402935.0,,411460.0,369459.0,65.5,59.19,6.31,,9705.0,73.61,38067913.0,4.037,41.4,16.984,10.797,44017.591,0.5,105.599,7.37,12.0,16.6,,2.5,82.43,0.929,,,,
CAN,North America,Canada,2021-06-04,1397898.0,1989.0,2161.286,25680.0,35.0,34.143,36721.162,52.249,56.774,674.584,0.919,0.897,0.66,852.0,22.381,2010.0,52.8,,,,,86977.0,35104681.0,922.159,2.285,79218.0,2.081,0.027,36.7,tests performed,25397448.0,22825634.0,2571814.0,,463924.0,369534.0,66.72,59.96,6.76,,9707.0,73.61,38067913.0,4.037,41.4,16.984,10.797,44017.591,0.5,105.599,7.37,12.0,16.6,,2.5,82.43,0.929,,,,
CAN,North America,Canada,2021-06-05,1399231.0,1333.0,2043.286,25713.0,33.0,33.429,36756.178,35.016,53.675,675.451,0.867,0.878,0.65,834.0,21.908,1924.0,50.541,,,,,58250.0,35162931.0,923.689,1.53,73225.0,1.924,0.028,35.8,tests performed,25772487.0,23057551.0,2714936.0,,375039.0,373637.0,67.7,60.57,7.13,,9815.0,73.61,38067913.0,4.037,41.4,16.984,10.797,44017.591,0.5,105.599,7.37,12.0,16.6,,2.5,82.43,0.929,,,,
CAN,North America,Canada,2021-06-06,1400580.0,1349.0,1958.429,25725.0,12.0,30.286,36791.615,35.437,51.446,675.766,0.315,0.796,0.65,815.0,21.409,1840.0,48.335,,,,,8248.0,35171179.0,923.906,0.217,64832.0,1.703,0.03,33.1,tests performed,26095464.0,23253261.0,2842203.0,,322977.0,374750.0,68.55,61.08,7.47,,9844.0,73.61,38067913.0,4.037,41.4,16.984,10.797,44017.591,0.5,105.599,7.37,12.0,16.6,,2.5,82.43,0.929,,,,
CAN,North America,Canada,2021-06-07,1402369.0,1789.0,1793.571,25762.0,37.0,30.571,36838.61,46.995,47.115,676.738,0.972,0.803,0.65,806.0,21.173,1800.0,47.284,,,,,146126.0,35317305.0,927.745,3.839,75319.0,1.979,0.024,42.0,tests performed,26503428.0,23507511.0,2995917.0,,407964.0,377290.0,69.62,61.75,7.87,,9911.0,73.61,38067913.0,4.037,41.4,16.984,10.797,44017.591,0.5,105.599,7.37,12.0,16.6,,2.5,82.43,0.929,,,,
CAN,North America,Canada,2021-06-08,1403490.0,1121.0,1707.143,25792.0,30.0,32.143,36868.057,29.447,44.845,677.526,0.788,0.844,0.65,778.0,20.437,1849.0,48.571,,,,,47048.0,35364353.0,928.981,1.236,71642.0,1.882,0.024,42.0,tests performed,26855647.0,23670710.0,3184937.0,,352219.0,383757.0,70.55,62.18,8.37,,10081.0,73.61,38067913.0,4.037,41.4,16.984,10.797,44017.591,0.5,105.599,7.37,12.0,16.6,,2.5,82.43,0.929,,,,
CAN,North America,Canada,2021-06-09,1404927.0,1437.0,1599.286,25844.0,52.0,33.0,36905.806,37.748,42.011,678.892,1.366,0.867,0.65,752.0,19.754,1774.0,46.601,,,,,58620.0,35422973.0,930.52,1.54,70721.0,1.858,0.023,44.2,tests performed,27257774.0,23835779.0,3421995.0,,402127.0,390816.0,71.6,62.61,8.99,,10266.0,73.61,38067913.0,4.037,41.4,16.984,10.797,44017.591,0.5,105.599,7.37,12.0,16.6,,2.5,82.43,0.929,,,,
CAN,North America,Canada,2021-06-10,1406417.0,1490.0,1501.143,25874.0,30.0,32.714,36944.946,39.141,39.433,679.68,0.788,0.859,0.65,733.0,19.255,1648.0,43.291,,,,,81056.0,35504029.0,932.65,2.129,69475.0,1.825,0.022,46.3,tests performed,27729564.0,24010935.0,3718629.0,,471790.0,399434.0,72.84,63.07,9.77,,10493.0,73.61,38067913.0,4.037,41.4,16.984,10.797,44017.591,0.5,105.599,7.37,12.0,16.6,,2.5,82.43,0.929,,,,
CAN,North America,Canada,2021-06-11,1407798.0,1381.0,1414.286,25887.0,13.0,29.571,36981.224,36.277,37.152,680.022,0.341,0.777,0.66,711.0,18.677,1585.0,41.636,,,,,77887.0,35581916.0,934.696,2.046,68176.0,1.791,0.021,48.2,tests performed,28240474.0,24195150.0,4045324.0,,510910.0,406147.0,74.18,63.56,10.63,,10669.0,73.61,38067913.0,4.037,41.4,16.984,10.797,44017.591,0.5,105.599,7.37,12.0,16.6,,2.5,82.43,0.929,,,,
CAN,North America,Canada,2021-06-12,1408935.0,1137.0,1386.286,25915.0,28.0,28.857,37011.091,29.868,36.416,680.757,0.736,0.758,0.66,681.0,17.889,1521.0,39.955,,,,,57349.0,35639265.0,936.202,1.506,68048.0,1.788,0.02,49.1,tests performed,28644442.0,24311588.0,4332854.0,,403968.0,410279.0,75.25,63.86,11.38,,10778.0,73.61,38067913.0,4.037,41.4,16.984,10.797,44017.591,0.5,105.599,7.37,12.0,16.6,,2.5,82.43,0.929,,,,
CAN,North America,Canada,2021-06-13,1409909.0,974.0,1332.714,25932.0,17.0,29.571,37036.677,25.586,35.009,681.204,0.447,0.777,0.66,690.0,18.126,1402.0,36.829,,,,,8252.0,35647517.0,936.419,0.217,68048.0,1.788,0.02,51.1,tests performed,29023531.0,24429078.0,4594453.0,,379089.0,418295.0,76.24,64.17,12.07,,10988.0,73.61,38067913.0,4.037,41.4,16.984,10.797,44017.591,0.5,105.599,7.37,12.0,16.6,,2.5,82.43,0.929,,,,
CAN,North America,Canada,2021-06-14,1411228.0,1319.0,1265.571,25946.0,14.0,26.286,37071.326,34.649,33.245,681.571,0.368,0.69,0.66,664.0,17.443,1383.0,36.33,,,,,137945.0,35785462.0,940.043,3.624,66880.0,1.757,0.019,52.8,tests performed,29470746.0,24559731.0,4911015.0,,447215.0,423903.0,77.42,64.52,12.9,,11135.0,73.61,38067913.0,4.037,41.4,16.984,10.797,44017.591,0.5,105.599,7.37,12.0,16.6,,2.5,82.43,0.929,,,,
CAN,North America,Canada,2021-06-15,1412121.0,893.0,1233.0,25973.0,27.0,25.857,37094.784,23.458,32.389,682.281,0.709,0.679,0.66,624.0,16.392,1429.0,37.538,,,,,45284.0,35830746.0,941.232,1.19,66628.0,1.75,0.019,54.0,tests performed,29917852.0,24677550.0,5240302.0,,447106.0,437458.0,78.59,64.83,13.77,,11492.0,73.61,38067913.0,4.037,41.4,16.984,10.797,44017.591,0.5,105.599,7.37,12.0,16.6,,2.5,82.43,0.929,,,,
CAN,North America,Canada,2021-06-16,1413203.0,1082.0,1182.286,26002.0,29.0,22.571,37123.207,28.423,31.057,683.042,0.762,0.593,0.66,609.0,15.998,1373.0,36.067,,,,,59171.0,35889917.0,942.787,1.554,66706.0,1.752,0.018,56.4,tests performed,30379626.0,24775947.0,5603679.0,,461774.0,445979.0,79.8,65.08,14.72,,11715.0,73.61,38067913.0,4.037,41.4,16.984,10.797,44017.591,0.5,105.599,7.37,12.0,16.6,,2.5,82.43,0.929,,,,
CAN,North America,Canada,2021-06-17,1414304.0,1101.0,1126.714,26013.0,11.0,19.857,37152.129,28.922,29.597,683.331,0.289,0.522,0.66,579.0,15.21,1295.0,34.018,,,,,84632.0,35974549.0,945.01,2.223,67217.0,1.766,0.017,59.7,tests performed,30885092.0,24880007.0,6005085.0,,505466.0,450790.0,81.13,65.36,15.77,,11842.0,73.61,38067913.0,4.037,41.4,16.984,10.797,44017.591,0.5,105.599,7.37,12.0,16.6,,2.5,82.43,0.929,,,,
CAN,North America,Canada,2021-06-18,1415272.0,968.0,1067.714,26024.0,11.0,19.571,37177.557,25.428,28.048,683.62,0.289,0.514,0.66,572.0,15.026,1251.0,32.862,,,,,78156.0,36052705.0,947.063,2.053,67256.0,1.767,0.016,63.0,tests performed,31417347.0,24976923.0,6440424.0,,532255.0,453839.0,82.53,65.61,16.92,,11922.0,73.61,38067913.0,4.037,41.4,16.984,10.797,44017.591,0.5,105.599,7.37,12.0,16.6,,2.5,82.43,0.929,,,,
CAN,North America,Canada,2021-06-19,1416009.0,737.0,1010.571,26055.0,31.0,20.0,37196.917,19.36,26.547,684.435,0.814,0.525,0.67,545.0,14.317,1185.0,31.129,,,,,52142.0,36104847.0,948.433,1.37,66512.0,1.747,0.015,65.8,tests performed,31836378.0,25043879.0,6792499.0,,419031.0,455991.0,83.63,65.79,17.84,,11978.0,73.61,38067913.0,4.037,41.4,16.984,10.797,44017.591,0.5,105.599,7.37,12.0,16.6,,2.5,82.43,0.929,,,,
CAN,North America,Canada,2021-06-20,1416589.0,580.0,954.286,26077.0,22.0,20.714,37212.153,15.236,25.068,685.013,0.578,0.544,0.67,547.0,14.369,1104.0,29.001,,,,,6451.0,36111298.0,948.602,0.169,66254.0,1.74,0.014,69.4,tests performed,32189274.0,25105109.0,7084165.0,,352896.0,452249.0,84.56,65.95,18.61,,11880.0,73.61,38067913.0,4.037,41.4,16.984,10.797,44017.591,0.5,105.599,7.37,12.0,16.6,,2.5,82.43,0.929,,,,
CAN,North America,Canada,2021-06-21,1417625.0,1036.0,913.857,26103.0,26.0,22.429,37239.367,27.215,24.006,685.696,0.683,0.589,0.67,538.0,14.133,1068.0,28.055,,,,,132344.0,36243642.0,952.079,3.477,65454.0,1.719,0.014,71.6,tests performed,32598064.0,25186098.0,7411966.0,,408790.0,446760.0,85.63,66.16,19.47,,11736.0,73.61,38067913.0,4.037,41.4,16.984,10.797,44017.591,0.5,105.599,7.37,12.0,16.6,,2.5,82.43,0.929,,,,
CAN,North America,Canada,2021-06-22,1418135.0,510.0,859.143,26156.0,53.0,26.143,37252.765,13.397,22.569,687.088,1.392,0.687,0.67,520.0,13.66,1102.0,28.948,,,,,43848.0,36287490.0,953.23,1.152,65249.0,1.714,0.013,75.9,tests performed,33070640.0,25251515.0,7819125.0,,472576.0,450398.0,86.87,66.33,20.54,,11831.0,73.61,38067913.0,4.037,41.4,16.984,10.797,44017.591,0.5,105.599,7.37,12.0,16.6,,2.5,82.43,0.929,,,,
CAN,North America,Canada,2021-06-23,1418853.0,718.0,807.143,26176.0,20.0,24.857,37271.626,18.861,21.203,687.613,0.525,0.653,0.67,514.0,13.502,1056.0,27.74,,,,,57255.0,36344745.0,954.734,1.504,64975.0,1.707,0.012,80.5,tests performed,33585366.0,25311357.0,8274009.0,,514726.0,457963.0,88.22,66.49,21.73,,12030.0,73.61,38067913.0,4.037,41.4,16.984,10.797,44017.591,0.5,105.599,7.37,12.0,16.6,,2.5,82.43,0.929,,,,
CAN,North America,Canada,2021-06-24,1419569.0,716.0,752.143,26193.0,17.0,25.714,37290.434,18.808,19.758,688.06,0.447,0.675,0.68,491.0,12.898,1016.0,26.689,,,,,70980.0,36415725.0,956.599,1.865,63025.0,1.656,0.012,83.8,tests performed,34174571.0,25380107.0,8794464.0,,589205.0,469926.0,89.77,66.67,23.1,,12344.0,73.61,38067913.0,4.037,41.4,16.984,10.797,44017.591,0.5,105.599,7.37,12.0,16.6,,2.5,82.43,0.929,,,,
CAN,North America,Canada,2021-06-25,1420191.0,622.0,702.714,26198.0,5.0,24.857,37306.773,16.339,18.459,688.191,0.131,0.653,0.69,478.0,12.557,978.0,25.691,,,,,68938.0,36484663.0,958.41,1.811,61708.0,1.621,0.011,87.8,tests performed,34694975.0,25440005.0,9254970.0,,520404.0,468233.0,91.14,66.83,24.31,,12300.0,69.91,38067913.0,4.037,41.4,16.984,10.797,44017.591,0.5,105.599,7.37,12.0,16.6,,2.5,82.43,0.929,,,,
CAN,North America,Canada,2021-06-26,1420724.0,533.0,673.571,26215.0,17.0,22.857,37320.775,14.001,17.694,688.638,0.447,0.6,0.7,477.0,12.53,967.0,25.402,,,,,42381.0,36527044.0,959.523,1.113,60314.0,1.584,0.011,89.5,tests performed,35135821.0,25483314.0,9652507.0,,440846.0,471349.0,92.3,66.94,25.36,,12382.0,69.91,38067913.0,4.037,41.4,16.984,10.797,44017.591,0.5,105.599,7.37,12.0,16.6,,2.5,82.43,0.929,,,,
CAN,North America,Canada,2021-06-27,1421122.0,398.0,647.571,26228.0,13.0,21.571,37331.23,10.455,17.011,688.979,0.341,0.567,0.71,479.0,12.583,901.0,23.668,,,,,6086.0,36533130.0,959.683,0.16,60262.0,1.583,0.011,93.1,tests performed,35495821.0,25525737.0,9970084.0,,360000.0,472364.0,93.24,67.05,26.19,,12408.0,69.91,38067913.0,4.037,41.4,16.984,10.797,44017.591,0.5,105.599,7.37,12.0,16.6,,2.5,82.43,0.929,,,,
CAN,North America,Canada,2021-06-28,1422053.0,931.0,632.571,26239.0,11.0,19.429,37355.686,24.456,16.617,689.268,0.289,0.51,0.71,458.0,12.031,894.0,23.484,,,,,110856.0,36643986.0,962.595,2.912,57192.0,1.502,0.011,90.4,tests performed,36199547.0,25610293.0,10589254.0,,703726.0,514498.0,95.09,67.28,27.82,,13515.0,69.91,38067913.0,4.037,41.4,16.984,10.797,44017.591,0.5,105.599,7.37,12.0,16.6,,2.5,82.43,0.929,,,,
CAN,North America,Canada,2021-06-29,1422618.0,565.0,640.429,26275.0,36.0,17.0,37370.528,14.842,16.823,690.214,0.946,0.447,0.72,438.0,11.506,908.0,23.852,,,,,61585.0,36705571.0,964.213,1.618,59726.0,1.569,0.011,93.3,tests performed,36776212.0,25666429.0,11109783.0,,576665.0,529367.0,96.61,67.42,29.18,,13906.0,69.91,38067913.0,4.037,41.4,16.984,10.797,44017.591,0.5,105.599,7.37,12.0,16.6,,2.5,82.43,0.929,,,,
CAN,North America,Canada,2021-06-30,1423170.0,552.0,616.714,26296.0,21.0,17.143,37385.028,14.5,16.2,690.765,0.552,0.45,0.72,434.0,11.401,880.0,23.117,,,,,62821.0,36768392.0,965.863,1.65,60521.0,1.59,0.01,98.1,tests performed,37384820.0,25722762.0,11662058.0,,608608.0,542779.0,98.21,67.57,30.63,,14258.0,69.91,38067913.0,4.037,41.4,16.984,10.797,44017.591,0.5,105.599,7.37,12.0,16.6,,2.5,82.43,0.929,,,,
CAN,North America,Canada,2021-07-01,1423321.0,151.0,536.0,26315.0,19.0,17.429,37388.995,3.967,14.08,691.265,0.499,0.458,0.73,435.0,11.427,873.0,22.933,,,,,66167.0,36834559.0,967.601,1.738,59833.0,1.572,0.009,111.6,tests performed,37824663.0,25760431.0,12064232.0,,439843.0,521442.0,99.36,67.67,31.69,,13698.0,69.91,38067913.0,4.037,41.4,16.984,10.797,44017.591,0.5,105.599,7.37,12.0,16.6,,2.5,82.43,0.929,,,,
CAN,North America,Canada,2021-07-02,1424160.0,839.0,567.0,26339.0,24.0,20.143,37411.034,22.04,14.894,691.895,0.63,0.529,0.75,404.0,10.613,754.0,19.807,,,,,63015.0,36897574.0,969.257,1.655,58987.0,1.55,0.01,104.0,tests performed,38417799.0,25821859.0,12595940.0,,593136.0,531832.0,100.92,67.83,33.09,,13971.0,69.91,38067913.0,4.037,41.4,16.984,10.797,44017.591,0.5,105.599,7.37,12.0,16.6,,2.5,82.43,0.929,,,,
CAN,North America,Canada,2021-07-03,1424502.0,342.0,539.714,26349.0,10.0,19.143,37420.018,8.984,14.178,692.158,0.263,0.503,0.77,387.0,10.166,773.0,20.306,,,,,44743.0,36942317.0,970.432,1.175,59325.0,1.558,0.009,109.9,tests performed,38777042.0,25851422.0,12925620.0,,359243.0,520174.0,101.86,67.91,33.95,,13664.0,69.91,38067913.0,4.037,41.4,16.984,10.797,44017.591,0.5,105.599,7.37,12.0,16.6,,2.5,82.43,0.929,,,,
CAN,North America,Canada,2021-07-04,1424784.0,282.0,523.143,26361.0,12.0,19.0,37427.426,7.408,13.742,692.473,0.315,0.499,0.78,380.0,9.982,714.0,18.756,,,,,4093.0,36946410.0,970.539,0.108,59040.0,1.551,0.009,112.9,tests performed,39098901.0,25882481.0,13216420.0,,321859.0,514726.0,102.71,67.99,34.72,,13521.0,69.91,38067913.0,4.037,41.4,16.984,10.797,44017.591,0.5,105.599,7.37,12.0,16.6,,2.5,82.43,0.929,,,,
CAN,North America,Canada,2021-07-05,1425594.0,810.0,505.857,26369.0,8.0,18.571,37448.704,21.278,13.288,692.683,0.21,0.488,0.79,360.0,9.457,699.0,18.362,,,,,97375.0,37043785.0,973.097,2.558,57114.0,1.5,0.009,112.9,tests performed,39701386.0,25941026.0,13760360.0,,602485.0,500263.0,104.29,68.14,36.15,,13141.0,69.91,38067913.0,4.037,41.4,16.984,10.797,44017.591,0.5,105.599,7.37,12.0,16.6,,2.5,82.43,0.929,,,,
CAN,North America,Canada,2021-07-06,1425884.0,290.0,466.571,26382.0,13.0,15.286,37456.322,7.618,12.256,693.025,0.341,0.402,0.79,353.0,9.273,746.0,19.597,,,,,42784.0,37086569.0,974.221,1.124,54428.0,1.43,0.009,116.7,tests performed,40187887.0,25988670.0,14199217.0,,486501.0,487382.0,105.57,68.27,37.3,,12803.0,69.91,38067913.0,4.037,41.4,16.984,10.797,44017.591,0.5,105.599,7.37,12.0,16.6,,2.5,82.43,0.929,,,,
CAN,North America,Canada,2021-07-07,1426435.0,551.0,466.429,26388.0,6.0,13.143,37470.796,14.474,12.253,693.182,0.158,0.345,0.81,339.0,8.905,744.0,19.544,,,,,62189.0,37148758.0,975.855,1.634,54338.0,1.427,0.009,116.5,tests performed,40691665.0,26032537.0,14659128.0,,503778.0,472406.0,106.89,68.38,38.51,,12410.0,69.91,38067913.0,4.037,41.4,16.984,10.797,44017.591,0.5,105.599,7.37,12.0,16.6,,2.5,82.43,0.929,,,,
CAN,North America,Canada,2021-07-08,1427027.0,592.0,529.429,26406.0,18.0,13.0,37486.347,15.551,13.907,693.655,0.473,0.341,0.82,335.0,8.8,705.0,18.52,,,,,66248.0,37215006.0,977.595,1.74,54350.0,1.428,0.01,102.7,tests performed,41312866.0,26093012.0,15219854.0,,621201.0,498315.0,108.52,68.54,39.98,,13090.0,69.91,38067913.0,4.037,41.4,16.984,10.797,44017.591,0.5,105.599,7.37,12.0,16.6,,2.5,82.43,0.929,,,,
CAN,North America,Canada,2021-07-09,1427582.0,555.0,488.857,26420.0,14.0,11.571,37500.926,14.579,12.842,694.023,0.368,0.304,0.83,322.0,8.459,686.0,18.02,,,,,64407.0,37279413.0,979.287,1.692,54548.0,1.433,0.009,111.6,tests performed,41859123.0,26145631.0,15713492.0,,546257.0,491618.0,109.96,68.68,41.28,,12914.0,69.91,38067913.0,4.037,41.4,16.984,10.797,44017.591,0.5,105.599,7.37,12.0,16.6,,2.5,82.43,0.929,,,,
CAN,North America,Canada,2021-07-10,1427899.0,317.0,485.286,26429.0,9.0,11.429,37509.254,8.327,12.748,694.259,0.236,0.3,0.84,317.0,8.327,664.0,17.443,,,,,48663.0,37328076.0,980.565,1.278,55108.0,1.448,0.009,113.6,tests performed,42223929.0,26178558.0,16045371.0,,364806.0,492412.0,110.92,68.77,42.15,,12935.0,69.91,38067913.0,4.037,41.4,16.984,10.797,44017.591,0.5,105.599,7.37,12.0,16.6,,2.5,82.43,0.929,,,,
CAN,North America,Canada,2021-07-11,1428162.0,263.0,482.571,26437.0,8.0,10.857,37516.162,6.909,12.677,694.469,0.21,0.285,0.84,319.0,8.38,617.0,16.208,,,,,4739.0,37332815.0,980.69,0.124,55201.0,1.45,0.009,114.4,tests performed,42509643.0,26206748.0,16302895.0,,285714.0,487249.0,111.67,68.84,42.83,,12799.0,69.91,38067913.0,4.037,41.4,16.984,10.797,44017.591,0.5,105.599,7.37,12.0,16.6,,2.5,82.43,0.929,,,,
CAN,North America,Canada,2021-07-12,1428689.0,527.0,442.143,26440.0,3.0,10.143,37530.006,13.844,11.615,694.548,0.079,0.266,0.84,318.0,8.353,604.0,15.866,,,,,121240.0,37454055.0,983.875,3.185,58610.0,1.54,0.008,132.6,tests performed,43014172.0,26262399.0,16751773.0,,504529.0,473255.0,112.99,68.99,44.0,,12432.0,69.91,38067913.0,4.037,41.4,16.984,10.797,44017.591,0.5,105.599,7.37,12.0,16.6,,2.5,82.43,0.929,,,,
CAN,North America,Canada,2021-07-13,1429029.0,340.0,449.286,26451.0,11.0,9.857,37538.937,8.931,11.802,694.837,0.289,0.259,0.86,307.0,8.065,627.0,16.471,,,,,110421.0,37564476.0,986.775,2.901,68272.0,1.793,0.007,152.0,tests performed,43429836.0,26301108.0,17128728.0,,415664.0,463136.0,114.09,69.09,45.0,,12166.0,69.91,38067913.0,4.037,41.4,16.984,10.797,44017.591,0.5,105.599,7.37,12.0,16.6,,2.5,82.43,0.929,,,,
CAN,North America,Canada,2021-07-14,1429369.0,340.0,419.143,26459.0,8.0,10.143,37547.869,8.931,11.01,695.047,0.21,0.266,0.87,290.0,7.618,617.0,16.208,,,,,49284.0,37613760.0,988.07,1.295,66429.0,1.745,0.006,158.5,tests performed,43856641.0,26346634.0,17510007.0,,426805.0,452139.0,115.21,69.21,46.0,,11877.0,69.91,38067913.0,4.037,41.4,16.984,10.797,44017.591,0.5,105.599,7.37,12.0,16.6,,2.5,82.43,0.929,,,,
CAN,North America,Canada,2021-07-15,1429747.0,378.0,388.571,26473.0,14.0,9.571,37557.798,9.93,10.207,695.415,0.368,0.251,0.9,273.0,7.171,597.0,15.682,,,,,65627.0,37679387.0,989.794,1.724,66340.0,1.743,0.006,170.7,tests performed,44293659.0,26392399.0,17901260.0,,437018.0,425828.0,116.35,69.33,47.02,,11186.0,69.91,38067913.0,4.037,41.4,16.984,10.797,44017.591,0.5,105.599,7.37,12.0,16.6,,2.5,82.43,0.929,,,,
CAN,North America,Canada,2021-07-16,1430127.0,380.0,363.571,26490.0,17.0,10.0,37567.781,9.982,9.551,695.862,0.447,0.263,0.93,259.0,6.804,588.0,15.446,,,,,68160.0,37747547.0,991.584,1.79,66876.0,1.757,0.005,183.9,tests performed,44726461.0,26439790.0,18286671.0,,432802.0,409620.0,117.49,69.45,48.04,,10760.0,60.65,38067913.0,4.037,41.4,16.984,10.797,44017.591,0.5,105.599,7.37,12.0,16.6,,2.5,82.43,0.929,,,,
CAN,North America,Canada,2021-07-17,1430437.0,310.0,362.571,26494.0,4.0,9.286,37575.924,8.143,9.524,695.967,0.105,0.244,0.96,252.0,6.62,571.0,15.0,,,,,46674.0,37794221.0,992.81,1.226,66592.0,1.749,0.005,183.7,tests performed,45027522.0,26471443.0,18556079.0,,301061.0,400513.0,118.28,69.54,48.74,,10521.0,60.65,38067913.0,4.037,41.4,16.984,10.797,44017.591,0.5,105.599,7.37,12.0,16.6,,2.5,82.43,0.929,,,,
CAN,North America,Canada,2021-07-18,1430740.0,303.0,368.286,26501.0,7.0,9.143,37583.883,7.959,9.674,696.151,0.184,0.24,0.99,252.0,6.62,534.0,14.028,,,,,4023.0,37798244.0,992.916,0.106,66490.0,1.747,0.006,180.5,tests performed,45252632.0,26495816.0,18756816.0,,225110.0,391856.0,118.87,69.6,49.27,,10294.0,60.65,38067913.0,4.037,41.4,16.984,10.797,44017.591,0.5,105.599,7.37,12.0,16.6,,2.5,82.43,0.929,,,,
CAN,North America,Canada,2021-07-19,1431378.0,638.0,384.143,26505.0,4.0,9.286,37600.643,16.76,10.091,696.256,0.105,0.244,1.01,250.0,6.567,519.0,13.634,,,,,109242.0,37907486.0,995.786,2.87,64776.0,1.702,0.006,168.6,tests performed,45679090.0,26541095.0,19137995.0,,426458.0,380703.0,119.99,69.72,50.27,,10001.0,60.65,38067913.0,4.037,41.4,16.984,10.797,44017.591,0.5,105.599,7.37,12.0,16.6,,2.5,82.43,0.929,,,,
CAN,North America,Canada,2021-07-20,1431691.0,313.0,380.286,26509.0,4.0,8.286,37608.865,8.222,9.99,696.361,0.105,0.218,1.04,249.0,6.541,537.0,14.106,,,,,40215.0,37947701.0,996.842,1.056,54746.0,1.438,0.007,144.0,tests performed,46016453.0,26579062.0,19437391.0,,337363.0,369517.0,120.88,69.82,51.06,,9707.0,60.65,38067913.0,4.037,41.4,16.984,10.797,44017.591,0.5,105.599,7.37,12.0,16.6,,2.5,82.43,0.929,,,,
CAN,North America,Canada,2021-07-21,1432208.0,517.0,405.571,26513.0,4.0,7.714,37622.446,13.581,10.654,696.466,0.105,0.203,1.08,248.0,6.515,520.0,13.66,,,,,46839.0,37994540.0,998.073,1.23,54397.0,1.429,0.007,134.1,tests performed,46402153.0,26618984.0,19783169.0,,385700.0,363645.0,121.89,69.92,51.97,,9553.0,60.65,38067913.0,4.037,41.4,16.984,10.797,44017.591,0.5,105.599,7.37,12.0,16.6,,2.5,82.43,0.929,,,,
CAN,North America,Canada,2021-07-22,1432606.0,398.0,408.429,26527.0,14.0,7.714,37632.901,10.455,10.729,696.834,0.368,0.203,1.11,242.0,6.357,523.0,13.739,,,,,60025.0,38054565.0,999.649,1.577,53597.0,1.408,0.008,131.2,tests performed,46783901.0,26661660.0,20122241.0,,381748.0,355749.0,122.9,70.04,52.86,,9345.0,60.65,38067913.0,4.037,41.4,16.984,10.797,44017.591,0.5,105.599,7.37,12.0,16.6,,2.5,82.43,0.929,,,,
CAN,North America,Canada,2021-07-23,1433200.0,594.0,439.0,26540.0,13.0,7.143,37648.505,15.604,11.532,697.175,0.341,0.188,1.15,234.0,6.147,506.0,13.292,,,,,56708.0,38111273.0,1001.139,1.49,51961.0,1.365,0.008,118.4,tests performed,47140311.0,26704589.0,20435722.0,,356410.0,344836.0,123.83,70.15,53.68,,9058.0,60.65,38067913.0,4.037,41.4,16.984,10.797,44017.591,0.5,105.599,7.37,12.0,16.6,,2.5,82.43,0.929,,,,
CAN,North America,Canada,2021-07-24,1433525.0,325.0,441.143,26545.0,5.0,7.286,37657.042,8.537,11.588,697.306,0.131,0.191,1.19,231.0,6.068,491.0,12.898,,,,,36045.0,38147318.0,1002.086,0.947,50442.0,1.325,0.009,114.3,tests performed,47388172.0,26733653.0,20654519.0,,247861.0,337236.0,124.48,70.23,54.26,,8859.0,60.65,38067913.0,4.037,41.4,16.984,10.797,44017.591,0.5,105.599,7.37,12.0,16.6,,2.5,82.43,0.929,,,,
CAN,North America,Canada,2021-07-25,1433792.0,267.0,436.0,26549.0,4.0,6.857,37664.056,7.014,11.453,697.411,0.105,0.18,1.23,228.0,5.989,452.0,11.874,,,,,4094.0,38151412.0,1002.193,0.108,50453.0,1.325,0.009,115.7,tests performed,47585222.0,26757373.0,20827849.0,,197050.0,333227.0,125.0,70.29,54.71,,8753.0,60.65,38067913.0,4.037,41.4,16.984,10.797,44017.591,0.5,105.599,7.37,12.0,16.6,,2.5,82.43,0.929,,,,
CAN,North America,Canada,2021-07-26,1434866.0,1074.0,498.286,26554.0,5.0,7.0,37692.269,28.213,13.089,697.543,0.131,0.184,1.26,225.0,5.91,456.0,11.979,,,,,115934.0,38267346.0,1005.239,3.045,51409.0,1.35,0.01,103.2,tests performed,47976246.0,26801722.0,21174524.0,,391024.0,328165.0,126.03,70.41,55.62,,8621.0,60.65,38067913.0,4.037,41.4,16.984,10.797,44017.591,0.5,105.599,7.37,12.0,16.6,,2.5,82.43,0.929,,,,
